286148,2022-08-28 0:00:00,Pending with Developer,Passcode Highway Next - Vikhroli East,Azzulo Group/ Aditya raj Group ,2000,300,1
286021,2022-08-28 0:00:00,Rejected by Developer,Passcode Highway Next - Vikhroli East,Azzulo Group/ Aditya raj Group ,2000,300,1
285961,2022-08-28 0:00:00,Approved by Developer,Passcode Highway Next - Vikhroli East,Azzulo Group/ Aditya raj Group ,2000,300,1
285923,2022-08-28 0:00:00,Pending with Developer,Passcode Highway Next - Vikhroli East,Azzulo Group/ Aditya raj Group ,2000,300,1
285287,2022-08-28 0:00:00,Pending with Developer,Passcode Highway Next - Vikhroli East,Azzulo Group/ Aditya raj Group ,2000,300,1
285268,2022-08-28 0:00:00,Approved by Developer,Passcode Highway Next - Vikhroli East,Azzulo Group/ Aditya raj Group ,2000,300,1
284924,2022-08-28 0:00:00,Pending with Developer,Passcode Highway Next - Vikhroli East,Azzulo Group/ Aditya raj Group ,2000,300,1
284737,2022-08-28 0:00:00,Approved by Developer,Passcode Highway Next - Vikhroli East,Azzulo Group/ Aditya raj Group ,2000,300,1
284297,2022-08-28 0:00:00,Approved by Developer,Passcode Highway Next - Vikhroli East,Azzulo Group/ Aditya raj Group ,2000,300,1
284265,2022-08-28 0:00:00,Pending with Developer,Passcode Highway Next - Vikhroli East,Azzulo Group/ Aditya raj Group ,2000,300,1
284051,2022-08-28 0:00:00,Approved by Developer,Passcode Highway Next - Vikhroli East,Azzulo Group/ Aditya raj Group ,2000,300,1
284049,2022-08-28 0:00:00,Approved by Developer,Passcode Highway Next - Vikhroli East,Azzulo Group/ Aditya raj Group ,2000,300,1
283656,2022-08-27 0:00:00,Approved by Developer,Passcode Highway Next - Vikhroli East,Azzulo Group/ Aditya raj Group ,2000,300,1
283289,2022-08-27 0:00:00,Approved by Developer,Passcode Highway Next - Vikhroli East,Azzulo Group/ Aditya raj Group ,2000,300,1
283278,2022-08-27 0:00:00,Approved by Developer,Passcode Highway Next - Vikhroli East,Azzulo Group/ Aditya raj Group ,2000,300,1
283008,2022-08-27 0:00:00,Rejected by Developer,Passcode Highway Next - Vikhroli East,Azzulo Group/ Aditya raj Group ,2000,300,1
283002,2022-08-27 0:00:00,Approved by Developer,Passcode Highway Next - Vikhroli East,Azzulo Group/ Aditya raj Group ,2000,300,1
283000,2022-08-27 0:00:00,Rejected by Developer,Passcode Highway Next - Vikhroli East,Azzulo Group/ Aditya raj Group ,2000,300,1
282760,2022-08-27 0:00:00,Rejected by Developer,Passcode Highway Next - Vikhroli East,Azzulo Group/ Aditya raj Group ,2000,300,1
282676,2022-08-27 0:00:00,Approved by Developer,Passcode Highway Next - Vikhroli East,Azzulo Group/ Aditya raj Group ,2000,300,1
282493,2022-08-27 0:00:00,Approved by Developer,Passcode Highway Next - Vikhroli East,Azzulo Group/ Aditya raj Group ,2000,300,1
282331,2022-08-27 0:00:00,Rejected by Developer,Passcode Highway Next - Vikhroli East,Azzulo Group/ Aditya raj Group ,2000,300,1
282325,2022-08-27 0:00:00,Rejected by Developer,Passcode Highway Next - Vikhroli East,Azzulo Group/ Aditya raj Group ,2000,300,1
282255,2022-08-27 0:00:00,Rejected by Developer,Passcode Highway Next - Vikhroli East,Azzulo Group/ Aditya raj Group ,2000,300,1
282151,2022-08-27 0:00:00,Pending with Developer,Passcode Highway Next - Vikhroli East,Azzulo Group/ Aditya raj Group ,2000,300,1
282126,2022-08-27 0:00:00,Approved by Developer,Passcode Highway Next - Vikhroli East,Azzulo Group/ Aditya raj Group ,2000,300,1
281836,2022-08-27 0:00:00,Approved by Developer,Passcode Highway Next - Vikhroli East,Azzulo Group/ Aditya raj Group ,2000,300,1
281826,2022-08-27 0:00:00,Rejected by Developer,Passcode Highway Next - Vikhroli East,Azzulo Group/ Aditya raj Group ,2000,300,1
281649,2022-08-27 0:00:00,Rejected by Developer,Passcode Highway Next - Vikhroli East,Azzulo Group/ Aditya raj Group ,2000,300,1
281608,2022-08-27 0:00:00,Approved by Developer,Passcode Highway Next - Vikhroli East,Azzulo Group/ Aditya raj Group ,2000,300,1
281579,2022-08-27 0:00:00,Approved by Developer,Passcode Highway Next - Vikhroli East,Azzulo Group/ Aditya raj Group ,2000,300,1
281570,2022-08-27 0:00:00,Approved by Developer,Passcode Highway Next - Vikhroli East,Azzulo Group/ Aditya raj Group ,2000,300,1
281411,2022-08-27 0:00:00,Rejected by Developer,Passcode Highway Next - Vikhroli East,Azzulo Group/ Aditya raj Group ,2000,300,1
280743,2022-08-27 0:00:00,Approved by Developer,Passcode Highway Next - Vikhroli East,Azzulo Group/ Aditya raj Group ,2000,300,1
280499,2022-08-27 0:00:00,Rejected by Developer,Passcode Highway Next - Vikhroli East,Azzulo Group/ Aditya raj Group ,2000,300,1
280477,2022-08-27 0:00:00,Approved by Developer,Passcode Highway Next - Vikhroli East,Azzulo Group/ Aditya raj Group ,2000,300,1
279586,2022-08-25 0:00:00,Rejected by Developer,Passcode Highway Next - Vikhroli East,Azzulo Group/ Aditya raj Group ,2000,300,1
278856,2022-08-24 0:00:00,Rejected by Developer,Passcode Highway Next - Vikhroli East,Azzulo Group/ Aditya raj Group ,2000,300,1
278754,2022-08-23 0:00:00,Pending with Developer,Passcode Highway Next - Vikhroli East,Azzulo Group/ Aditya raj Group ,2000,300,1
278749,2022-08-23 0:00:00,Pending with CM,Passcode Highway Next - Vikhroli East,Azzulo Group/ Aditya raj Group ,2000,300,1
277600,2022-08-21 0:00:00,Approved by Developer,Passcode Highway Next - Vikhroli East,Azzulo Group/ Aditya raj Group ,2000,300,1
277598,2022-08-21 0:00:00,Approved by Developer,Passcode Highway Next - Vikhroli East,Azzulo Group/ Aditya raj Group ,2000,300,1
277499,2022-08-21 0:00:00,Approved by Developer,Passcode Highway Next - Vikhroli East,Azzulo Group/ Aditya raj Group ,2000,300,1
277224,2022-08-21 0:00:00,Rejected by CM,Passcode Highway Next - Vikhroli East,Azzulo Group/ Aditya raj Group ,2000,300,1
277214,2022-08-21 0:00:00,Rejected by Developer,Passcode Highway Next - Vikhroli East,Azzulo Group/ Aditya raj Group ,2000,300,1
277193,2022-08-21 0:00:00,Approved by Developer,Passcode Highway Next - Vikhroli East,Azzulo Group/ Aditya raj Group ,2000,300,1
277187,2022-08-21 0:00:00,Rejected by Developer,Passcode Highway Next - Vikhroli East,Azzulo Group/ Aditya raj Group ,2000,300,1
276986,2022-08-21 0:00:00,Rejected by Developer,Passcode Highway Next - Vikhroli East,Azzulo Group/ Aditya raj Group ,2000,300,1
276545,2022-08-21 0:00:00,Rejected by Developer,Passcode Highway Next - Vikhroli East,Azzulo Group/ Aditya raj Group ,2000,300,1
276535,2022-08-21 0:00:00,Rejected by Developer,Passcode Highway Next - Vikhroli East,Azzulo Group/ Aditya raj Group ,2000,300,1
276488,2022-08-21 0:00:00,Rejected by Developer,Passcode Highway Next - Vikhroli East,Azzulo Group/ Aditya raj Group ,2000,300,1
275892,2022-08-21 0:00:00,Approved by Developer,Passcode Highway Next - Vikhroli East,Azzulo Group/ Aditya raj Group ,2000,300,1
275555,2022-08-21 0:00:00,Approved by Developer,Passcode Highway Next - Vikhroli East,Azzulo Group/ Aditya raj Group ,2000,300,1
275147,2022-08-21 0:00:00,Approved by Developer,Passcode Highway Next - Vikhroli East,Azzulo Group/ Aditya raj Group ,2000,300,1
275059,2022-08-21 0:00:00,Rejected by Developer,Passcode Highway Next - Vikhroli East,Azzulo Group/ Aditya raj Group ,2000,300,1
274871,2022-08-21 0:00:00,Pending with Developer,Passcode Highway Next - Vikhroli East,Azzulo Group/ Aditya raj Group ,2000,300,1
274820,2022-08-21 0:00:00,Approved by Developer,Passcode Highway Next - Vikhroli East,Azzulo Group/ Aditya raj Group ,2000,300,1
274528,2022-08-21 0:00:00,Rejected by Developer,Passcode Highway Next - Vikhroli East,Azzulo Group/ Aditya raj Group ,2000,300,1
274497,2022-08-21 0:00:00,Rejected by Developer,Passcode Highway Next - Vikhroli East,Azzulo Group/ Aditya raj Group ,2000,300,1
274340,2022-08-21 0:00:00,Approved by Developer,Passcode Highway Next - Vikhroli East,Azzulo Group/ Aditya raj Group ,2000,300,1
274089,2022-08-21 0:00:00,Rejected by Developer,Passcode Highway Next - Vikhroli East,Azzulo Group/ Aditya raj Group ,2000,300,1
273952,2022-08-21 0:00:00,Rejected by Developer,Passcode Highway Next - Vikhroli East,Azzulo Group/ Aditya raj Group ,2000,300,1
273534,2022-08-20 0:00:00,Rejected by Developer,Passcode Highway Next - Vikhroli East,Azzulo Group/ Aditya raj Group ,2000,300,1
273332,2022-08-20 0:00:00,Rejected by Developer,Passcode Highway Next - Vikhroli East,Azzulo Group/ Aditya raj Group ,2000,300,1
273322,2022-08-20 0:00:00,Rejected by Developer,Passcode Highway Next - Vikhroli East,Azzulo Group/ Aditya raj Group ,2000,300,1
273265,2022-08-20 0:00:00,Rejected by Developer,Passcode Highway Next - Vikhroli East,Azzulo Group/ Aditya raj Group ,2000,300,1
273144,2022-08-20 0:00:00,Approved by Developer,Passcode Highway Next - Vikhroli East,Azzulo Group/ Aditya raj Group ,2000,300,1
272968,2022-08-20 0:00:00,Approved by Developer,Passcode Highway Next - Vikhroli East,Azzulo Group/ Aditya raj Group ,2000,300,1
272957,2022-08-20 0:00:00,Approved by Developer,Passcode Highway Next - Vikhroli East,Azzulo Group/ Aditya raj Group ,2000,300,1
272781,2022-08-20 0:00:00,Rejected by Developer,Passcode Highway Next - Vikhroli East,Azzulo Group/ Aditya raj Group ,2000,300,1
272431,2022-08-20 0:00:00,Approved by Developer,Passcode Highway Next - Vikhroli East,Azzulo Group/ Aditya raj Group ,2000,300,1
272427,2022-08-20 0:00:00,Approved by Developer,Passcode Highway Next - Vikhroli East,Azzulo Group/ Aditya raj Group ,2000,300,1
272352,2022-08-20 0:00:00,Approved by Developer,Passcode Highway Next - Vikhroli East,Azzulo Group/ Aditya raj Group ,2000,300,1
272345,2022-08-20 0:00:00,Approved by Developer,Passcode Highway Next - Vikhroli East,Azzulo Group/ Aditya raj Group ,2000,300,1
272109,2022-08-20 0:00:00,Rejected by Developer,Passcode Highway Next - Vikhroli East,Azzulo Group/ Aditya raj Group ,2000,300,1
272022,2022-08-20 0:00:00,Approved by Developer,Passcode Highway Next - Vikhroli East,Azzulo Group/ Aditya raj Group ,2000,300,1
271831,2022-08-20 0:00:00,Approved by Developer,Passcode Highway Next - Vikhroli East,Azzulo Group/ Aditya raj Group ,2000,300,1
271331,2022-08-20 0:00:00,Approved by Developer,Passcode Highway Next - Vikhroli East,Azzulo Group/ Aditya raj Group ,2000,300,1
270312,2022-08-20 0:00:00,Approved by Developer,Passcode Highway Next - Vikhroli East,Azzulo Group/ Aditya raj Group ,2000,300,1
269689,2022-08-19 0:00:00,Rejected by Developer,Passcode Highway Next - Vikhroli East,Azzulo Group/ Aditya raj Group ,2000,300,1
268475,2022-08-16 0:00:00,Approved by Developer,Passcode Highway Next - Vikhroli East,Azzulo Group/ Aditya raj Group ,2000,300,1
268385,2022-08-16 0:00:00,Approved by Developer,Passcode Highway Next - Vikhroli East,Azzulo Group/ Aditya raj Group ,2000,300,1
267840,2022-08-15 0:00:00,Approved by Developer,Passcode Highway Next - Vikhroli East,Azzulo Group/ Aditya raj Group ,2000,1000,2
267834,2022-08-15 0:00:00,Approved by Developer,Passcode Highway Next - Vikhroli East,Azzulo Group/ Aditya raj Group ,2000,1000,2
267828,2022-08-15 0:00:00,Approved by Developer,Passcode Highway Next - Vikhroli East,Azzulo Group/ Aditya raj Group ,2000,1000,2
267827,2022-08-15 0:00:00,Approved by Developer,Passcode Highway Next - Vikhroli East,Azzulo Group/ Aditya raj Group ,2000,1000,2
267826,2022-08-15 0:00:00,Approved by Developer,Passcode Highway Next - Vikhroli East,Azzulo Group/ Aditya raj Group ,2000,1000,2
267825,2022-08-15 0:00:00,Approved by Developer,Passcode Highway Next - Vikhroli East,Azzulo Group/ Aditya raj Group ,2000,1000,2
267640,2022-08-15 0:00:00,Approved by Developer,Passcode Highway Next - Vikhroli East,Azzulo Group/ Aditya raj Group ,2000,1000,2
267574,2022-08-15 0:00:00,Rejected by Developer,Passcode Highway Next - Vikhroli East,Azzulo Group/ Aditya raj Group ,2000,1000,2
267367,2022-08-15 0:00:00,Rejected by Developer,Passcode Highway Next - Vikhroli East,Azzulo Group/ Aditya raj Group ,2000,1000,2
267262,2022-08-15 0:00:00,Approved by Developer,Passcode Highway Next - Vikhroli East,Azzulo Group/ Aditya raj Group ,2000,1000,2
267232,2022-08-15 0:00:00,Approved by Developer,Passcode Highway Next - Vikhroli East,Azzulo Group/ Aditya raj Group ,2000,1000,2
266942,2022-08-15 0:00:00,Rejected by Developer,Passcode Highway Next - Vikhroli East,Azzulo Group/ Aditya raj Group ,2000,1000,2
266940,2022-08-15 0:00:00,Rejected by Developer,Passcode Highway Next - Vikhroli East,Azzulo Group/ Aditya raj Group ,2000,1000,2
266295,2022-08-14 0:00:00,Approved by Developer,Passcode Highway Next - Vikhroli East,Azzulo Group/ Aditya raj Group ,2000,1000,2
266017,2022-08-14 0:00:00,Rejected by Developer,Passcode Highway Next - Vikhroli East,Azzulo Group/ Aditya raj Group ,2000,1000,2
265921,2022-08-14 0:00:00,Rejected by Developer,Passcode Highway Next - Vikhroli East,Azzulo Group/ Aditya raj Group ,2000,1000,2
265915,2022-08-14 0:00:00,Rejected by Developer,Passcode Highway Next - Vikhroli East,Azzulo Group/ Aditya raj Group ,2000,1000,2
265694,2022-08-14 0:00:00,Approved by Developer,Passcode Highway Next - Vikhroli East,Azzulo Group/ Aditya raj Group ,2000,1000,2
265661,2022-08-14 0:00:00,Rejected by Developer,Passcode Highway Next - Vikhroli East,Azzulo Group/ Aditya raj Group ,2000,1000,2
265367,2022-08-14 0:00:00,Rejected by Developer,Passcode Highway Next - Vikhroli East,Azzulo Group/ Aditya raj Group ,2000,1000,2
265198,2022-08-14 0:00:00,Approved by Developer,Passcode Highway Next - Vikhroli East,Azzulo Group/ Aditya raj Group ,2000,1000,2
265186,2022-08-14 0:00:00,Rejected by Developer,Passcode Highway Next - Vikhroli East,Azzulo Group/ Aditya raj Group ,2000,1000,2
265041,2022-08-14 0:00:00,Approved by Developer,Passcode Highway Next - Vikhroli East,Azzulo Group/ Aditya raj Group ,2000,1000,2
264968,2022-08-14 0:00:00,Rejected by CM,Passcode Highway Next - Vikhroli East,Azzulo Group/ Aditya raj Group ,2000,1000,2
264877,2022-08-14 0:00:00,Approved by Developer,Passcode Highway Next - Vikhroli East,Azzulo Group/ Aditya raj Group ,2000,1000,2
264774,2022-08-14 0:00:00,Approved by Developer,Passcode Highway Next - Vikhroli East,Azzulo Group/ Aditya raj Group ,2000,1000,2
264714,2022-08-14 0:00:00,Approved by Developer,Passcode Highway Next - Vikhroli East,Azzulo Group/ Aditya raj Group ,2000,1000,2
264640,2022-08-14 0:00:00,Approved by Developer,Passcode Highway Next - Vikhroli East,Azzulo Group/ Aditya raj Group ,2000,1000,2
264451,2022-08-14 0:00:00,Rejected by Developer,Passcode Highway Next - Vikhroli East,Azzulo Group/ Aditya raj Group ,2000,1000,2
264450,2022-08-14 0:00:00,Approved by Developer,Passcode Highway Next - Vikhroli East,Azzulo Group/ Aditya raj Group ,2000,1000,2
264203,2022-08-14 0:00:00,Approved by Developer,Passcode Highway Next - Vikhroli East,Azzulo Group/ Aditya raj Group ,2000,1000,2
264199,2022-08-14 0:00:00,Approved by Developer,Passcode Highway Next - Vikhroli East,Azzulo Group/ Aditya raj Group ,2000,1000,2
263811,2022-08-14 0:00:00,Rejected by Developer,Passcode Highway Next - Vikhroli East,Azzulo Group/ Aditya raj Group ,2000,1000,2
263761,2022-08-14 0:00:00,Rejected by Developer,Passcode Highway Next - Vikhroli East,Azzulo Group/ Aditya raj Group ,2000,1000,2
263712,2022-08-14 0:00:00,Approved by Developer,Passcode Highway Next - Vikhroli East,Azzulo Group/ Aditya raj Group ,2000,1000,2
263694,2022-08-14 0:00:00,Approved by Developer,Passcode Highway Next - Vikhroli East,Azzulo Group/ Aditya raj Group ,2000,1000,2
263679,2022-08-14 0:00:00,Approved by Developer,Passcode Highway Next - Vikhroli East,Azzulo Group/ Aditya raj Group ,2000,1000,2
263675,2022-08-14 0:00:00,Approved by Developer,Passcode Highway Next - Vikhroli East,Azzulo Group/ Aditya raj Group ,2000,1000,2
262944,2022-08-14 0:00:00,Approved by Developer,Passcode Highway Next - Vikhroli East,Azzulo Group/ Aditya raj Group ,2000,1000,2
262608,2022-08-13 0:00:00,Approved by Developer,Passcode Highway Next - Vikhroli East,Azzulo Group/ Aditya raj Group ,2000,1000,2
262368,2022-08-13 0:00:00,Rejected by Developer,Passcode Highway Next - Vikhroli East,Azzulo Group/ Aditya raj Group ,2000,1000,2
262145,2022-08-13 0:00:00,Rejected by Developer,Passcode Highway Next - Vikhroli East,Azzulo Group/ Aditya raj Group ,2000,1000,2
261933,2022-08-13 0:00:00,Rejected by Developer,Passcode Highway Next - Vikhroli East,Azzulo Group/ Aditya raj Group ,2000,1000,2
261494,2022-08-13 0:00:00,Rejected by Developer,Passcode Highway Next - Vikhroli East,Azzulo Group/ Aditya raj Group ,2000,1000,2
261272,2022-08-13 0:00:00,Approved by Developer,Passcode Highway Next - Vikhroli East,Azzulo Group/ Aditya raj Group ,2000,1000,2
261096,2022-08-13 0:00:00,Approved by Developer,Passcode Highway Next - Vikhroli East,Azzulo Group/ Aditya raj Group ,2000,1000,2
260786,2022-08-13 0:00:00,Approved by Developer,Passcode Highway Next - Vikhroli East,Azzulo Group/ Aditya raj Group ,2000,1000,2
260529,2022-08-13 0:00:00,Approved by Developer,Passcode Highway Next - Vikhroli East,Azzulo Group/ Aditya raj Group ,2000,1000,2
260449,2022-08-13 0:00:00,Approved by Developer,Passcode Highway Next - Vikhroli East,Azzulo Group/ Aditya raj Group ,2000,1000,2
260056,2022-08-13 0:00:00,Rejected by Developer,Passcode Highway Next - Vikhroli East,Azzulo Group/ Aditya raj Group ,2000,1000,2
259612,2022-08-13 0:00:00,Approved by Developer,Passcode Highway Next - Vikhroli East,Azzulo Group/ Aditya raj Group ,2000,1000,2
259505,2022-08-13 0:00:00,Approved by Developer,Passcode Highway Next - Vikhroli East,Azzulo Group/ Aditya raj Group ,2000,1000,2
258358,2022-08-09 0:00:00,Approved by Developer,Passcode Highway Next - Vikhroli East,Azzulo Group/ Aditya raj Group ,2000,1000,2
258269,2022-08-09 0:00:00,Approved by Developer,Passcode Highway Next - Vikhroli East,Azzulo Group/ Aditya raj Group ,2000,1000,2
257583,2022-08-08 0:00:00,Approved by Developer,Passcode Highway Next - Vikhroli East,Azzulo Group/ Aditya raj Group ,2000,1000,2
257072,2022-08-07 0:00:00,Rejected by Developer,Passcode Highway Next - Vikhroli East,Azzulo Group/ Aditya raj Group ,2000,1000,2
257069,2022-08-07 0:00:00,Rejected by Developer,Passcode Highway Next - Vikhroli East,Azzulo Group/ Aditya raj Group ,2000,1000,2
256606,2022-08-07 0:00:00,Rejected by Developer,Passcode Highway Next - Vikhroli East,Azzulo Group/ Aditya raj Group ,2000,1000,2
256517,2022-08-07 0:00:00,Rejected by Developer,Passcode Highway Next - Vikhroli East,Azzulo Group/ Aditya raj Group ,2000,1000,2
256512,2022-08-07 0:00:00,Rejected by Developer,Passcode Highway Next - Vikhroli East,Azzulo Group/ Aditya raj Group ,2000,1000,2
256505,2022-08-07 0:00:00,Rejected by Developer,Passcode Highway Next - Vikhroli East,Azzulo Group/ Aditya raj Group ,2000,1000,2
256500,2022-08-07 0:00:00,Rejected by Developer,Passcode Highway Next - Vikhroli East,Azzulo Group/ Aditya raj Group ,2000,1000,2
256468,2022-08-07 0:00:00,Approved by Developer,Passcode Highway Next - Vikhroli East,Azzulo Group/ Aditya raj Group ,2000,1000,2
256272,2022-08-07 0:00:00,Approved by Developer,Passcode Highway Next - Vikhroli East,Azzulo Group/ Aditya raj Group ,2000,1000,2
256224,2022-08-07 0:00:00,Approved by Developer,Passcode Highway Next - Vikhroli East,Azzulo Group/ Aditya raj Group ,2000,1000,2
256071,2022-08-07 0:00:00,Rejected by Developer,Passcode Highway Next - Vikhroli East,Azzulo Group/ Aditya raj Group ,2000,1000,2
255807,2022-08-07 0:00:00,Approved by Developer,Passcode Highway Next - Vikhroli East,Azzulo Group/ Aditya raj Group ,2000,1000,2
255794,2022-08-07 0:00:00,Rejected by Developer,Passcode Highway Next - Vikhroli East,Azzulo Group/ Aditya raj Group ,2000,1000,2
255691,2022-08-07 0:00:00,Approved by Developer,Passcode Highway Next - Vikhroli East,Azzulo Group/ Aditya raj Group ,2000,1000,2
255379,2022-08-07 0:00:00,Rejected by Developer,Passcode Highway Next - Vikhroli East,Azzulo Group/ Aditya raj Group ,2000,1000,2
255239,2022-08-07 0:00:00,Approved by Developer,Passcode Highway Next - Vikhroli East,Azzulo Group/ Aditya raj Group ,2000,1000,2
255222,2022-08-07 0:00:00,Rejected by Developer,Passcode Highway Next - Vikhroli East,Azzulo Group/ Aditya raj Group ,2000,1000,2
255042,2022-08-07 0:00:00,Approved by Developer,Passcode Highway Next - Vikhroli East,Azzulo Group/ Aditya raj Group ,2000,1000,2
254958,2022-08-07 0:00:00,Rejected by Developer,Passcode Highway Next - Vikhroli East,Azzulo Group/ Aditya raj Group ,2000,1000,2
254817,2022-08-07 0:00:00,Approved by Developer,Passcode Highway Next - Vikhroli East,Azzulo Group/ Aditya raj Group ,2000,1000,2
254388,2022-08-07 0:00:00,Approved by Developer,Passcode Highway Next - Vikhroli East,Azzulo Group/ Aditya raj Group ,2000,1000,2
254234,2022-08-07 0:00:00,Approved by Developer,Passcode Highway Next - Vikhroli East,Azzulo Group/ Aditya raj Group ,2000,1000,2
254228,2022-08-07 0:00:00,Rejected by Developer,Passcode Highway Next - Vikhroli East,Azzulo Group/ Aditya raj Group ,2000,1000,2
254220,2022-08-07 0:00:00,Approved by Developer,Passcode Highway Next - Vikhroli East,Azzulo Group/ Aditya raj Group ,2000,1000,2
253931,2022-08-07 0:00:00,Approved by Developer,Passcode Highway Next - Vikhroli East,Azzulo Group/ Aditya raj Group ,2000,1000,2
253665,2022-08-07 0:00:00,Approved by Developer,Passcode Highway Next - Vikhroli East,Azzulo Group/ Aditya raj Group ,2000,1000,2
253549,2022-08-07 0:00:00,Approved by Developer,Passcode Highway Next - Vikhroli East,Azzulo Group/ Aditya raj Group ,2000,1000,2
252401,2022-08-06 0:00:00,Rejected by Developer,Passcode Highway Next - Vikhroli East,Azzulo Group/ Aditya raj Group ,2000,1000,2
252237,2022-08-06 0:00:00,Approved by Developer,Passcode Highway Next - Vikhroli East,Azzulo Group/ Aditya raj Group ,2000,1000,2
252135,2022-08-06 0:00:00,Approved by Developer,Passcode Highway Next - Vikhroli East,Azzulo Group/ Aditya raj Group ,2000,1000,2
252094,2022-08-06 0:00:00,Approved by Developer,Passcode Highway Next - Vikhroli East,Azzulo Group/ Aditya raj Group ,2000,1000,2
252091,2022-08-06 0:00:00,Rejected by Developer,Passcode Highway Next - Vikhroli East,Azzulo Group/ Aditya raj Group ,2000,1000,2
252089,2022-08-06 0:00:00,Approved by Developer,Passcode Highway Next - Vikhroli East,Azzulo Group/ Aditya raj Group ,2000,1000,2
251777,2022-08-06 0:00:00,Rejected by Developer,Passcode Highway Next - Vikhroli East,Azzulo Group/ Aditya raj Group ,2000,1000,2
251584,2022-08-06 0:00:00,Rejected by Developer,Passcode Highway Next - Vikhroli East,Azzulo Group/ Aditya raj Group ,2000,1000,2
251329,2022-08-06 0:00:00,Approved by Developer,Passcode Highway Next - Vikhroli East,Azzulo Group/ Aditya raj Group ,2000,1000,2
250908,2022-08-06 0:00:00,Approved by Developer,Passcode Highway Next - Vikhroli East,Azzulo Group/ Aditya raj Group ,2000,1000,2
250493,2022-08-06 0:00:00,Approved by Developer,Passcode Highway Next - Vikhroli East,Azzulo Group/ Aditya raj Group ,2000,1000,2
250451,2022-08-06 0:00:00,Rejected by Developer,Passcode Highway Next - Vikhroli East,Azzulo Group/ Aditya raj Group ,2000,1000,2
250377,2022-08-06 0:00:00,Rejected by Developer,Passcode Highway Next - Vikhroli East,Azzulo Group/ Aditya raj Group ,2000,1000,2
250214,2022-08-06 0:00:00,Approved by Developer,Passcode Highway Next - Vikhroli East,Azzulo Group/ Aditya raj Group ,2000,1000,2
250209,2022-08-06 0:00:00,Approved by Developer,Passcode Highway Next - Vikhroli East,Azzulo Group/ Aditya raj Group ,2000,1000,2
249997,2022-08-06 0:00:00,Approved by Developer,Passcode Highway Next - Vikhroli East,Azzulo Group/ Aditya raj Group ,2000,1000,2
249258,2022-08-04 0:00:00,Approved by Developer,Passcode Highway Next - Vikhroli East,Azzulo Group/ Aditya raj Group ,2000,1000,2
249222,2022-08-04 0:00:00,Approved by Developer,Passcode Highway Next - Vikhroli East,Azzulo Group/ Aditya raj Group ,2000,1000,2
248419,2022-08-03 0:00:00,Approved by Developer,Passcode Highway Next - Vikhroli East,Azzulo Group/ Aditya raj Group ,2000,1000,2
248377,2022-08-03 0:00:00,Rejected by Developer,Passcode Highway Next - Vikhroli East,Azzulo Group/ Aditya raj Group ,2000,1000,2
248087,2022-08-02 0:00:00,Rejected by Developer,Passcode Highway Next - Vikhroli East,Azzulo Group/ Aditya raj Group ,2000,1000,2
247446,2022-08-01 0:00:00,Rejected by Developer,Passcode Highway Next - Vikhroli East,Azzulo Group/ Aditya raj Group ,2000,1000,2
247437,2022-08-01 0:00:00,Rejected by Developer,Passcode Highway Next - Vikhroli East,Azzulo Group/ Aditya raj Group ,2000,1000,2
247042,2022-07-31 0:00:00,Rejected by Developer,Passcode Highway Next - Vikhroli East,Azzulo Group/ Aditya raj Group ,2000,1000,2
246859,2022-07-31 0:00:00,Rejected by Developer,Passcode Highway Next - Vikhroli East,Azzulo Group/ Aditya raj Group ,2000,1000,2
246457,2022-07-31 0:00:00,Approved by Developer,Passcode Highway Next - Vikhroli East,Azzulo Group/ Aditya raj Group ,2000,1000,2
246442,2022-07-31 0:00:00,Approved by Developer,Passcode Highway Next - Vikhroli East,Azzulo Group/ Aditya raj Group ,2000,1000,2
246401,2022-07-31 0:00:00,Rejected by Developer,Passcode Highway Next - Vikhroli East,Azzulo Group/ Aditya raj Group ,2000,1000,2
245873,2022-07-31 0:00:00,Approved by Developer,Passcode Highway Next - Vikhroli East,Azzulo Group/ Aditya raj Group ,2000,1000,2
245813,2022-07-31 00:00:00,Approved by Developer,Passcode Highway Next - Vikhroli East,Azzulo Group/ Aditya raj Group ,2000,1000,2
245797,2022-07-31 0:00:00,Rejected by Developer,Passcode Highway Next - Vikhroli East,Azzulo Group/ Aditya raj Group ,2000,1000,2
245785,2022-07-31 0:00:00,Rejected by Developer,Passcode Highway Next - Vikhroli East,Azzulo Group/ Aditya raj Group ,2000,1000,2
245721,2022-07-31 0:00:00,Approved by Developer,Passcode Highway Next - Vikhroli East,Azzulo Group/ Aditya raj Group ,2000,1000,2
245627,2022-07-31 0:00:00,Rejected by Developer,Passcode Highway Next - Vikhroli East,Azzulo Group/ Aditya raj Group ,2000,1000,2
245322,2022-07-31 0:00:00,Approved by Developer,Passcode Highway Next - Vikhroli East,Azzulo Group/ Aditya raj Group ,2000,1000,2
245312,2022-07-31 0:00:00,Approved by Developer,Passcode Highway Next - Vikhroli East,Azzulo Group/ Aditya raj Group ,2000,1000,2
245302,2022-07-31 0:00:00,Rejected by Developer,Passcode Highway Next - Vikhroli East,Azzulo Group/ Aditya raj Group ,2000,1000,2
244598,2022-07-31 0:00:00,Rejected by Developer,Passcode Highway Next - Vikhroli East,Azzulo Group/ Aditya raj Group ,2000,1000,2
244414,2022-07-31 0:00:00,Rejected by Developer,Passcode Highway Next - Vikhroli East,Azzulo Group/ Aditya raj Group ,2000,1000,2
244080,2022-07-31 0:00:00,Approved by Developer,Passcode Highway Next - Vikhroli East,Azzulo Group/ Aditya raj Group ,2000,1000,2
243921,2022-07-31 0:00:00,Approved by Developer,Passcode Highway Next - Vikhroli East,Azzulo Group/ Aditya raj Group ,2000,1000,2
243439,2022-07-31 0:00:00,Approved by Developer,Passcode Highway Next - Vikhroli East,Azzulo Group/ Aditya raj Group ,2000,1000,2
243302,2022-07-31 0:00:00,Rejected by Developer,Passcode Highway Next - Vikhroli East,Azzulo Group/ Aditya raj Group ,2000,1000,2
242924,2022-07-31 0:00:00,Approved by Developer,Passcode Highway Next - Vikhroli East,Azzulo Group/ Aditya raj Group ,2000,1000,2
242919,2022-07-31 0:00:00,Approved by Developer,Passcode Highway Next - Vikhroli East,Azzulo Group/ Aditya raj Group ,2000,1000,2
242916,2022-07-31 0:00:00,Approved by Developer,Passcode Highway Next - Vikhroli East,Azzulo Group/ Aditya raj Group ,2000,1000,2
242346,2022-07-30 0:00:00,Rejected by Developer,Passcode Highway Next - Vikhroli East,Azzulo Group/ Aditya raj Group ,2000,1000,2
242119,2022-07-30 0:00:00,Approved by Developer,Passcode Highway Next - Vikhroli East,Azzulo Group/ Aditya raj Group ,2000,1000,2
241908,2022-07-30 0:00:00,Rejected by Developer,Passcode Highway Next - Vikhroli East,Azzulo Group/ Aditya raj Group ,2000,1000,2
241553,2022-07-30 0:00:00,Rejected by Developer,Passcode Highway Next - Vikhroli East,Azzulo Group/ Aditya raj Group ,2000,1000,2
241457,2022-07-30 0:00:00,Approved by Developer,Passcode Highway Next - Vikhroli East,Azzulo Group/ Aditya raj Group ,2000,1000,2
241340,2022-07-30 0:00:00,Approved by Developer,Passcode Highway Next - Vikhroli East,Azzulo Group/ Aditya raj Group ,2000,1000,2
241255,2022-07-30 0:00:00,Approved by Developer,Passcode Highway Next - Vikhroli East,Azzulo Group/ Aditya raj Group ,2000,1000,2
241152,2022-07-30 0:00:00,Approved by Developer,Passcode Highway Next - Vikhroli East,Azzulo Group/ Aditya raj Group ,2000,1000,2
240894,2022-07-30 0:00:00,Approved by Developer,Passcode Highway Next - Vikhroli East,Azzulo Group/ Aditya raj Group ,2000,1000,2
240827,2022-07-30 0:00:00,Rejected by Developer,Passcode Highway Next - Vikhroli East,Azzulo Group/ Aditya raj Group ,2000,1000,2
240819,2022-07-30 0:00:00,Approved by Developer,Passcode Highway Next - Vikhroli East,Azzulo Group/ Aditya raj Group ,2000,1000,2
240689,2022-07-30 0:00:00,Approved by Developer,Passcode Highway Next - Vikhroli East,Azzulo Group/ Aditya raj Group ,2000,1000,2
240629,2022-07-30 0:00:00,Approved by Developer,Passcode Highway Next - Vikhroli East,Azzulo Group/ Aditya raj Group ,2000,1000,2
239994,2022-07-30 0:00:00,Rejected by Developer,Passcode Highway Next - Vikhroli East,Azzulo Group/ Aditya raj Group ,2000,1000,2
239927,2022-07-30 0:00:00,Approved by Developer,Passcode Highway Next - Vikhroli East,Azzulo Group/ Aditya raj Group ,2000,1000,2
239884,2022-07-30 0:00:00,Rejected by Developer,Passcode Highway Next - Vikhroli East,Azzulo Group/ Aditya raj Group ,2000,1000,2
239567,2022-07-30 0:00:00,Approved by Developer,Passcode Highway Next - Vikhroli East,Azzulo Group/ Aditya raj Group ,2000,1000,2
239436,2022-07-30 0:00:00,Approved by Developer,Passcode Highway Next - Vikhroli East,Azzulo Group/ Aditya raj Group ,2000,1000,2
239380,2022-07-30 0:00:00,Rejected by Developer,Passcode Highway Next - Vikhroli East,Azzulo Group/ Aditya raj Group ,2000,1000,2
239269,2022-07-30 0:00:00,Approved by Developer,Passcode Highway Next - Vikhroli East,Azzulo Group/ Aditya raj Group ,2000,1000,2
239057,2022-07-30 0:00:00,Rejected by Developer,Passcode Highway Next - Vikhroli East,Azzulo Group/ Aditya raj Group ,2000,1000,2
238851,2022-07-30 0:00:00,Approved by Developer,Passcode Highway Next - Vikhroli East,Azzulo Group/ Aditya raj Group ,2000,1000,2
238165,2022-07-28 0:00:00,Rejected by Developer,Passcode Highway Next - Vikhroli East,Azzulo Group/ Aditya raj Group ,2000,1000,2
237837,2022-07-27 0:00:00,Approved by Developer,Passcode Highway Next - Vikhroli East,Azzulo Group/ Aditya raj Group ,2000,1000,2
236945,2022-07-25 0:00:00,Approved by Developer,Passcode Highway Next - Vikhroli East,Azzulo Group/ Aditya raj Group ,2000,1000,2
236266,2022-07-24 0:00:00,Approved by Developer,Passcode Highway Next - Vikhroli East,Azzulo Group/ Aditya raj Group ,2000,1000,2
235943,2022-07-24 0:00:00,Approved by Developer,Passcode Highway Next - Vikhroli East,Azzulo Group/ Aditya raj Group ,2000,1000,2
235940,2022-07-24 0:00:00,Approved by Developer,Passcode Highway Next - Vikhroli East,Azzulo Group/ Aditya raj Group ,2000,1000,2
235898,2022-07-24 0:00:00,Approved by Developer,Passcode Highway Next - Vikhroli East,Azzulo Group/ Aditya raj Group ,2000,1000,2
235858,2022-07-24 0:00:00,Approved by Developer,Passcode Highway Next - Vikhroli East,Azzulo Group/ Aditya raj Group ,2000,1000,2
235537,2022-07-24 0:00:00,Approved by Developer,Passcode Highway Next - Vikhroli East,Azzulo Group/ Aditya raj Group ,2000,1000,2
235412,2022-07-24 0:00:00,Approved by Developer,Passcode Highway Next - Vikhroli East,Azzulo Group/ Aditya raj Group ,2000,1000,2
235404,2022-07-24 0:00:00,Approved by Developer,Passcode Highway Next - Vikhroli East,Azzulo Group/ Aditya raj Group ,2000,1000,2
235390,2022-07-24 0:00:00,Approved by Developer,Passcode Highway Next - Vikhroli East,Azzulo Group/ Aditya raj Group ,2000,1000,2
235193,2022-07-24 0:00:00,Approved by Developer,Passcode Highway Next - Vikhroli East,Azzulo Group/ Aditya raj Group ,2000,1000,2
235145,2022-07-24 0:00:00,Approved by Developer,Passcode Highway Next - Vikhroli East,Azzulo Group/ Aditya raj Group ,2000,1000,2
235138,2022-07-24 0:00:00,Approved by Developer,Passcode Highway Next - Vikhroli East,Azzulo Group/ Aditya raj Group ,2000,1000,2
234258,2022-07-24 0:00:00,Approved by Developer,Passcode Highway Next - Vikhroli East,Azzulo Group/ Aditya raj Group ,2000,1000,2
234108,2022-07-24 0:00:00,Approved by Developer,Passcode Highway Next - Vikhroli East,Azzulo Group/ Aditya raj Group ,2000,1000,2
233994,2022-07-24 0:00:00,Approved by Developer,Passcode Highway Next - Vikhroli East,Azzulo Group/ Aditya raj Group ,2000,1000,2
233776,2022-07-24 0:00:00,Approved by Developer,Passcode Highway Next - Vikhroli East,Azzulo Group/ Aditya raj Group ,2000,1000,2
233758,2022-07-24 0:00:00,Approved by Developer,Passcode Highway Next - Vikhroli East,Azzulo Group/ Aditya raj Group ,2000,1000,2
233755,2022-07-24 0:00:00,Approved by Developer,Passcode Highway Next - Vikhroli East,Azzulo Group/ Aditya raj Group ,2000,1000,2
233418,2022-07-24 0:00:00,Approved by Developer,Passcode Highway Next - Vikhroli East,Azzulo Group/ Aditya raj Group ,2000,1000,2
233134,2022-07-24 0:00:00,Approved by Developer,Passcode Highway Next - Vikhroli East,Azzulo Group/ Aditya raj Group ,2000,1000,2
232996,2022-07-24 0:00:00,Approved by Developer,Passcode Highway Next - Vikhroli East,Azzulo Group/ Aditya raj Group ,2000,1000,2
232888,2022-07-24 0:00:00,Approved by Developer,Passcode Highway Next - Vikhroli East,Azzulo Group/ Aditya raj Group ,2000,1000,2
232733,2022-07-24 0:00:00,Approved by Developer,Passcode Highway Next - Vikhroli East,Azzulo Group/ Aditya raj Group ,2000,1000,2
232598,2022-07-23 0:00:00,Approved by Developer,Passcode Highway Next - Vikhroli East,Azzulo Group/ Aditya raj Group ,2000,1000,2
232046,2022-07-23 0:00:00,Approved by Developer,Passcode Highway Next - Vikhroli East,Azzulo Group/ Aditya raj Group ,2000,1000,2
231968,2022-07-23 0:00:00,Approved by Developer,Passcode Highway Next - Vikhroli East,Azzulo Group/ Aditya raj Group ,2000,1000,2
231638,2022-07-23 0:00:00,Approved by Developer,Passcode Highway Next - Vikhroli East,Azzulo Group/ Aditya raj Group ,2000,1000,2
231449,2022-07-23 0:00:00,Approved by Developer,Passcode Highway Next - Vikhroli East,Azzulo Group/ Aditya raj Group ,2000,1000,2
231167,2022-07-23 0:00:00,Approved by Developer,Passcode Highway Next - Vikhroli East,Azzulo Group/ Aditya raj Group ,2000,1000,2
231161,2022-07-23 0:00:00,Approved by Developer,Passcode Highway Next - Vikhroli East,Azzulo Group/ Aditya raj Group ,2000,1000,2
231066,2022-07-23 0:00:00,Approved by Developer,Passcode Highway Next - Vikhroli East,Azzulo Group/ Aditya raj Group ,2000,1000,2
231044,2022-07-23 0:00:00,Approved by Developer,Passcode Highway Next - Vikhroli East,Azzulo Group/ Aditya raj Group ,2000,1000,2
231031,2022-07-23 0:00:00,Approved by Developer,Passcode Highway Next - Vikhroli East,Azzulo Group/ Aditya raj Group ,2000,1000,2
230947,2022-07-23 0:00:00,Approved by Developer,Passcode Highway Next - Vikhroli East,Azzulo Group/ Aditya raj Group ,2000,1000,2
230489,2022-07-23 0:00:00,Approved by Developer,Passcode Highway Next - Vikhroli East,Azzulo Group/ Aditya raj Group ,2000,1000,2
229986,2022-07-23 0:00:00,Approved by Developer,Passcode Highway Next - Vikhroli East,Azzulo Group/ Aditya raj Group ,2000,1000,2
229983,2022-07-23 0:00:00,Approved by Developer,Passcode Highway Next - Vikhroli East,Azzulo Group/ Aditya raj Group ,2000,1000,2
229942,2022-07-23 0:00:00,Approved by Developer,Passcode Highway Next - Vikhroli East,Azzulo Group/ Aditya raj Group ,2000,1000,2
229893,2022-07-23 0:00:00,Approved by Developer,Passcode Highway Next - Vikhroli East,Azzulo Group/ Aditya raj Group ,2000,1000,2
229764,2022-07-23 0:00:00,Approved by Developer,Passcode Highway Next - Vikhroli East,Azzulo Group/ Aditya raj Group ,2000,1000,2
229640,2022-07-23 0:00:00,Rejected by Developer,Passcode Highway Next - Vikhroli East,Azzulo Group/ Aditya raj Group ,2000,1000,2
229225,2022-07-23 0:00:00,Approved by Developer,Passcode Highway Next - Vikhroli East,Azzulo Group/ Aditya raj Group ,2000,1000,2
229211,2022-07-23 0:00:00,Approved by Developer,Passcode Highway Next - Vikhroli East,Azzulo Group/ Aditya raj Group ,2000,1000,2
228863,2022-07-22 0:00:00,Approved by Developer,Passcode Highway Next - Vikhroli East,Azzulo Group/ Aditya raj Group ,2000,1000,2
228553,2022-07-21 0:00:00,Approved by Developer,Passcode Highway Next - Vikhroli East,Azzulo Group/ Aditya raj Group ,2000,1000,2
228484,2022-07-21 0:00:00,Approved by Developer,Passcode Highway Next - Vikhroli East,Azzulo Group/ Aditya raj Group ,2000,1000,2
228109,2022-07-20 0:00:00,Approved by Developer,Passcode Highway Next - Vikhroli East,Azzulo Group/ Aditya raj Group ,2000,1000,2
227578,2022-07-18 0:00:00,Approved by Developer,Passcode Highway Next - Vikhroli East,Azzulo Group/ Aditya raj Group ,2000,1000,2
227070,2022-07-17 0:00:00,Approved by Developer,Passcode Highway Next - Vikhroli East,Azzulo Group/ Aditya raj Group ,2000,1000,2
227067,2022-07-17 0:00:00,Approved by Developer,Passcode Highway Next - Vikhroli East,Azzulo Group/ Aditya raj Group ,2000,1000,2
226820,2022-07-17 0:00:00,Approved by Developer,Passcode Highway Next - Vikhroli East,Azzulo Group/ Aditya raj Group ,2000,1000,2
226459,2022-07-17 0:00:00,Rejected by Developer,Passcode Highway Next - Vikhroli East,Azzulo Group/ Aditya raj Group ,2000,1000,2
226448,2022-07-17 0:00:00,Approved by Developer,Passcode Highway Next - Vikhroli East,Azzulo Group/ Aditya raj Group ,2000,1000,2
226445,2022-07-17 0:00:00,Rejected by Developer,Passcode Highway Next - Vikhroli East,Azzulo Group/ Aditya raj Group ,2000,1000,2
226415,2022-07-17 0:00:00,Approved by Developer,Passcode Highway Next - Vikhroli East,Azzulo Group/ Aditya raj Group ,2000,1000,2
226412,2022-07-17 0:00:00,Approved by Developer,Passcode Highway Next - Vikhroli East,Azzulo Group/ Aditya raj Group ,2000,1000,2
226410,2022-07-17 0:00:00,Approved by Developer,Passcode Highway Next - Vikhroli East,Azzulo Group/ Aditya raj Group ,2000,1000,2
226311,2022-07-17 0:00:00,Approved by Developer,Passcode Highway Next - Vikhroli East,Azzulo Group/ Aditya raj Group ,2000,1000,2
226090,2022-07-17 0:00:00,Approved by Developer,Passcode Highway Next - Vikhroli East,Azzulo Group/ Aditya raj Group ,2000,1000,2
225997,2022-07-17 0:00:00,Approved by Developer,Passcode Highway Next - Vikhroli East,Azzulo Group/ Aditya raj Group ,2000,1000,2
225873,2022-07-17 0:00:00,Approved by Developer,Passcode Highway Next - Vikhroli East,Azzulo Group/ Aditya raj Group ,2000,1000,2
225687,2022-07-17 0:00:00,Approved by Developer,Passcode Highway Next - Vikhroli East,Azzulo Group/ Aditya raj Group ,2000,1000,2
225549,2022-07-17 0:00:00,Approved by Developer,Passcode Highway Next - Vikhroli East,Azzulo Group/ Aditya raj Group ,2000,1000,2
225406,2022-07-17 0:00:00,Approved by Developer,Passcode Highway Next - Vikhroli East,Azzulo Group/ Aditya raj Group ,2000,1000,2
225357,2022-07-17 0:00:00,Approved by Developer,Passcode Highway Next - Vikhroli East,Azzulo Group/ Aditya raj Group ,2000,1000,2
225354,2022-07-17 0:00:00,Approved by Developer,Passcode Highway Next - Vikhroli East,Azzulo Group/ Aditya raj Group ,2000,1000,2
225272,2022-07-17 0:00:00,Approved by Developer,Passcode Highway Next - Vikhroli East,Azzulo Group/ Aditya raj Group ,2000,1000,2
224727,2022-07-17 0:00:00,Approved by Developer,Passcode Highway Next - Vikhroli East,Azzulo Group/ Aditya raj Group ,2000,1000,2
224198,2022-07-17 0:00:00,Approved by Developer,Passcode Highway Next - Vikhroli East,Azzulo Group/ Aditya raj Group ,2000,1000,2
224196,2022-07-17 0:00:00,Approved by Developer,Passcode Highway Next - Vikhroli East,Azzulo Group/ Aditya raj Group ,2000,1000,2
224114,2022-07-17 0:00:00,Approved by Developer,Passcode Highway Next - Vikhroli East,Azzulo Group/ Aditya raj Group ,2000,1000,2
223823,2022-07-16 0:00:00,Approved by Developer,Passcode Highway Next - Vikhroli East,Azzulo Group/ Aditya raj Group ,2000,1000,2
223759,2022-07-16 0:00:00,Approved by Developer,Passcode Highway Next - Vikhroli East,Azzulo Group/ Aditya raj Group ,2000,1000,2
223435,2022-07-16 0:00:00,Approved by Developer,Passcode Highway Next - Vikhroli East,Azzulo Group/ Aditya raj Group ,2000,1000,2
223218,2022-07-16 0:00:00,Approved by Developer,Passcode Highway Next - Vikhroli East,Azzulo Group/ Aditya raj Group ,2000,1000,2
223071,2022-07-16 0:00:00,Approved by Developer,Passcode Highway Next - Vikhroli East,Azzulo Group/ Aditya raj Group ,2000,1000,2
223017,2022-07-16 0:00:00,Approved by Developer,Passcode Highway Next - Vikhroli East,Azzulo Group/ Aditya raj Group ,2000,1000,2
222882,2022-07-16 0:00:00,Rejected by Developer,Passcode Highway Next - Vikhroli East,Azzulo Group/ Aditya raj Group ,2000,1000,2
222828,2022-07-16 0:00:00,Approved by Developer,Passcode Highway Next - Vikhroli East,Azzulo Group/ Aditya raj Group ,2000,1000,2
222824,2022-07-16 0:00:00,Approved by Developer,Passcode Highway Next - Vikhroli East,Azzulo Group/ Aditya raj Group ,2000,1000,2
222804,2022-07-16 0:00:00,Rejected by Developer,Passcode Highway Next - Vikhroli East,Azzulo Group/ Aditya raj Group ,2000,1000,2
222708,2022-07-16 0:00:00,Approved by Developer,Passcode Highway Next - Vikhroli East,Azzulo Group/ Aditya raj Group ,2000,1000,2
222546,2022-07-16 0:00:00,Approved by Developer,Passcode Highway Next - Vikhroli East,Azzulo Group/ Aditya raj Group ,2000,1000,2
222176,2022-07-16 0:00:00,Approved by Developer,Passcode Highway Next - Vikhroli East,Azzulo Group/ Aditya raj Group ,2000,1000,2
222075,2022-07-16 0:00:00,Approved by Developer,Passcode Highway Next - Vikhroli East,Azzulo Group/ Aditya raj Group ,2000,1000,2
221817,2022-07-16 0:00:00,Approved by Developer,Passcode Highway Next - Vikhroli East,Azzulo Group/ Aditya raj Group ,2000,1000,2
221753,2022-07-16 0:00:00,Approved by Developer,Passcode Highway Next - Vikhroli East,Azzulo Group/ Aditya raj Group ,2000,1000,2
221711,2022-07-16 0:00:00,Approved by Developer,Passcode Highway Next - Vikhroli East,Azzulo Group/ Aditya raj Group ,2000,1000,2
221528,2022-07-16 0:00:00,Approved by Developer,Passcode Highway Next - Vikhroli East,Azzulo Group/ Aditya raj Group ,2000,1000,2
221516,2022-07-16 0:00:00,Approved by Developer,Passcode Highway Next - Vikhroli East,Azzulo Group/ Aditya raj Group ,2000,1000,2
221017,2022-07-14 0:00:00,Approved by Developer,Passcode Highway Next - Vikhroli East,Azzulo Group/ Aditya raj Group ,2000,1000,2
220492,2022-07-12 0:00:00,Approved by Developer,Passcode Highway Next - Vikhroli East,Azzulo Group/ Aditya raj Group ,2000,1000,2
220448,2022-07-12 0:00:00,Approved by Developer,Passcode Highway Next - Vikhroli East,Azzulo Group/ Aditya raj Group ,2000,1000,2
220126,2022-07-11 0:00:00,Approved by Developer,Passcode Highway Next - Vikhroli East,Azzulo Group/ Aditya raj Group ,2000,1000,2
220125,2022-07-11 0:00:00,Approved by Developer,Passcode Highway Next - Vikhroli East,Azzulo Group/ Aditya raj Group ,2000,1000,2
219380,2022-07-10 0:00:00,Approved by Developer,Passcode Highway Next - Vikhroli East,Azzulo Group/ Aditya raj Group ,2000,1000,2
219240,2022-07-10 0:00:00,Approved by Developer,Passcode Highway Next - Vikhroli East,Azzulo Group/ Aditya raj Group ,2000,1000,2
219199,2022-07-10 0:00:00,Approved by Developer,Passcode Highway Next - Vikhroli East,Azzulo Group/ Aditya raj Group ,2000,1000,2
219191,2022-07-10 0:00:00,Approved by Developer,Passcode Highway Next - Vikhroli East,Azzulo Group/ Aditya raj Group ,2000,1000,2
219178,2022-07-10 0:00:00,Approved by Developer,Passcode Highway Next - Vikhroli East,Azzulo Group/ Aditya raj Group ,2000,1000,2
219062,2022-07-10 0:00:00,Approved by Developer,Passcode Highway Next - Vikhroli East,Azzulo Group/ Aditya raj Group ,2000,1000,2
218989,2022-07-10 0:00:00,Approved by Developer,Passcode Highway Next - Vikhroli East,Azzulo Group/ Aditya raj Group ,2000,1000,2
218798,2022-07-10 0:00:00,Rejected by Developer,Passcode Highway Next - Vikhroli East,Azzulo Group/ Aditya raj Group ,2000,1000,2
218778,2022-07-10 0:00:00,Approved by Developer,Passcode Highway Next - Vikhroli East,Azzulo Group/ Aditya raj Group ,2000,1000,2
218766,2022-07-10 0:00:00,Approved by Developer,Passcode Highway Next - Vikhroli East,Azzulo Group/ Aditya raj Group ,2000,1000,2
218750,2022-07-10 0:00:00,Approved by Developer,Passcode Highway Next - Vikhroli East,Azzulo Group/ Aditya raj Group ,2000,1000,2
218681,2022-07-10 0:00:00,Approved by Developer,Passcode Highway Next - Vikhroli East,Azzulo Group/ Aditya raj Group ,2000,1000,2
218675,2022-07-10 0:00:00,Approved by Developer,Passcode Highway Next - Vikhroli East,Azzulo Group/ Aditya raj Group ,2000,1000,2
218669,2022-07-10 0:00:00,Approved by Developer,Passcode Highway Next - Vikhroli East,Azzulo Group/ Aditya raj Group ,2000,1000,2
218666,2022-07-10 0:00:00,Approved by Developer,Passcode Highway Next - Vikhroli East,Azzulo Group/ Aditya raj Group ,2000,1000,2
218662,2022-07-10 0:00:00,Approved by Developer,Passcode Highway Next - Vikhroli East,Azzulo Group/ Aditya raj Group ,2000,1000,2
218574,2022-07-10 0:00:00,Rejected by Developer,Passcode Highway Next - Vikhroli East,Azzulo Group/ Aditya raj Group ,2000,1000,2
218546,2022-07-10 0:00:00,Rejected by Developer,Passcode Highway Next - Vikhroli East,Azzulo Group/ Aditya raj Group ,2000,1000,2
218116,2022-07-10 00:00:00,Rejected by Developer,Passcode Highway Next - Vikhroli East,Azzulo Group/ Aditya raj Group ,2000,1000,2
217968,2022-07-10 0:00:00,Approved by Developer,Passcode Highway Next - Vikhroli East,Azzulo Group/ Aditya raj Group ,2000,1000,2
217925,2022-07-10 0:00:00,Approved by Developer,Passcode Highway Next - Vikhroli East,Azzulo Group/ Aditya raj Group ,2000,1000,2
217888,2022-07-10 0:00:00,Rejected by Developer,Passcode Highway Next - Vikhroli East,Azzulo Group/ Aditya raj Group ,2000,1000,2
217556,2022-07-10 0:00:00,Rejected by Developer,Passcode Highway Next - Vikhroli East,Azzulo Group/ Aditya raj Group ,2000,1000,2
217479,2022-07-10 0:00:00,Approved by Developer,Passcode Highway Next - Vikhroli East,Azzulo Group/ Aditya raj Group ,2000,1000,2
217424,2022-07-10 0:00:00,Rejected by Developer,Passcode Highway Next - Vikhroli East,Azzulo Group/ Aditya raj Group ,2000,1000,2
217417,2022-07-10 0:00:00,Approved by Developer,Passcode Highway Next - Vikhroli East,Azzulo Group/ Aditya raj Group ,2000,1000,2
217415,2022-07-10 0:00:00,Approved by Developer,Passcode Highway Next - Vikhroli East,Azzulo Group/ Aditya raj Group ,2000,1000,2
217330,2022-07-10 0:00:00,Approved by Developer,Passcode Highway Next - Vikhroli East,Azzulo Group/ Aditya raj Group ,2000,1000,2
217181,2022-07-10 0:00:00,Approved by Developer,Passcode Highway Next - Vikhroli East,Azzulo Group/ Aditya raj Group ,2000,1000,2
217173,2022-07-10 0:00:00,Rejected by Developer,Passcode Highway Next - Vikhroli East,Azzulo Group/ Aditya raj Group ,2000,1000,2
217137,2022-07-10 0:00:00,Approved by Developer,Passcode Highway Next - Vikhroli East,Azzulo Group/ Aditya raj Group ,2000,1000,2
217013,2022-07-10 0:00:00,Approved by Developer,Passcode Highway Next - Vikhroli East,Azzulo Group/ Aditya raj Group ,2000,1000,2
216872,2022-07-10 0:00:00,Approved by Developer,Passcode Highway Next - Vikhroli East,Azzulo Group/ Aditya raj Group ,2000,1000,2
216606,2022-07-09 0:00:00,Rejected by Developer,Passcode Highway Next - Vikhroli East,Azzulo Group/ Aditya raj Group ,2000,1000,2
216523,2022-07-09 0:00:00,Approved by Developer,Passcode Highway Next - Vikhroli East,Azzulo Group/ Aditya raj Group ,2000,1000,2
216484,2022-07-09 0:00:00,Rejected by Developer,Passcode Highway Next - Vikhroli East,Azzulo Group/ Aditya raj Group ,2000,1000,2
216481,2022-07-09 0:00:00,Rejected by Developer,Passcode Highway Next - Vikhroli East,Azzulo Group/ Aditya raj Group ,2000,1000,2
216437,2022-07-09 0:00:00,Approved by Developer,Passcode Highway Next - Vikhroli East,Azzulo Group/ Aditya raj Group ,2000,1000,2
216434,2022-07-09 0:00:00,Approved by Developer,Passcode Highway Next - Vikhroli East,Azzulo Group/ Aditya raj Group ,2000,1000,2
216396,2022-07-09 0:00:00,Approved by Developer,Passcode Highway Next - Vikhroli East,Azzulo Group/ Aditya raj Group ,2000,1000,2
216356,2022-07-09 0:00:00,Approved by Developer,Passcode Highway Next - Vikhroli East,Azzulo Group/ Aditya raj Group ,2000,1000,2
216208,2022-07-09 0:00:00,Approved by Developer,Passcode Highway Next - Vikhroli East,Azzulo Group/ Aditya raj Group ,2000,1000,2
216140,2022-07-09 0:00:00,Approved by Developer,Passcode Highway Next - Vikhroli East,Azzulo Group/ Aditya raj Group ,2000,1000,2
216131,2022-07-09 0:00:00,Rejected by Developer,Passcode Highway Next - Vikhroli East,Azzulo Group/ Aditya raj Group ,2000,1000,2
216102,2022-07-09 0:00:00,Approved by Developer,Passcode Highway Next - Vikhroli East,Azzulo Group/ Aditya raj Group ,2000,1000,2
215860,2022-07-09 0:00:00,Approved by Developer,Passcode Highway Next - Vikhroli East,Azzulo Group/ Aditya raj Group ,2000,1000,2
215620,2022-07-09 0:00:00,Approved by Developer,Passcode Highway Next - Vikhroli East,Azzulo Group/ Aditya raj Group ,2000,1000,2
215593,2022-07-09 0:00:00,Approved by Developer,Passcode Highway Next - Vikhroli East,Azzulo Group/ Aditya raj Group ,2000,1000,2
215445,2022-07-09 0:00:00,Approved by Developer,Passcode Highway Next - Vikhroli East,Azzulo Group/ Aditya raj Group ,2000,1000,2
215383,2022-07-09 0:00:00,Approved by Developer,Passcode Highway Next - Vikhroli East,Azzulo Group/ Aditya raj Group ,2000,1000,2
215166,2022-07-09 0:00:00,Approved by Developer,Passcode Highway Next - Vikhroli East,Azzulo Group/ Aditya raj Group ,2000,1000,2
214984,2022-07-09 0:00:00,Approved by Developer,Passcode Highway Next - Vikhroli East,Azzulo Group/ Aditya raj Group ,2000,1000,2
214978,2022-07-09 0:00:00,Approved by Developer,Passcode Highway Next - Vikhroli East,Azzulo Group/ Aditya raj Group ,2000,1000,2
214977,2022-07-09 0:00:00,Approved by Developer,Passcode Highway Next - Vikhroli East,Azzulo Group/ Aditya raj Group ,2000,1000,2
214971,2022-07-09 0:00:00,Rejected by Developer,Passcode Highway Next - Vikhroli East,Azzulo Group/ Aditya raj Group ,2000,1000,2
214921,2022-07-09 0:00:00,Approved by Developer,Passcode Highway Next - Vikhroli East,Azzulo Group/ Aditya raj Group ,2000,1000,2
214917,2022-07-09 0:00:00,Rejected by Developer,Passcode Highway Next - Vikhroli East,Azzulo Group/ Aditya raj Group ,2000,1000,2
214914,2022-07-09 0:00:00,Approved by Developer,Passcode Highway Next - Vikhroli East,Azzulo Group/ Aditya raj Group ,2000,1000,2
214904,2022-07-09 0:00:00,Approved by Developer,Passcode Highway Next - Vikhroli East,Azzulo Group/ Aditya raj Group ,2000,1000,2
214861,2022-07-09 0:00:00,Approved by Developer,Passcode Highway Next - Vikhroli East,Azzulo Group/ Aditya raj Group ,2000,1000,2
214818,2022-07-09 0:00:00,Approved by Developer,Passcode Highway Next - Vikhroli East,Azzulo Group/ Aditya raj Group ,2000,1000,2
214777,2022-07-09 0:00:00,Approved by Developer,Passcode Highway Next - Vikhroli East,Azzulo Group/ Aditya raj Group ,2000,1000,2
214470,2022-07-09 0:00:00,Approved by Developer,Passcode Highway Next - Vikhroli East,Azzulo Group/ Aditya raj Group ,2000,1000,2
214453,2022-07-09 0:00:00,Approved by Developer,Passcode Highway Next - Vikhroli East,Azzulo Group/ Aditya raj Group ,2000,1000,2
213865,2022-07-07 0:00:00,Rejected by Developer,Passcode Highway Next - Vikhroli East,Azzulo Group/ Aditya raj Group ,2000,1000,2
213320,2022-07-05 0:00:00,Approved by Developer,Passcode Highway Next - Vikhroli East,Azzulo Group/ Aditya raj Group ,2000,1000,2
213319,2022-07-05 0:00:00,Rejected by Developer,Passcode Highway Next - Vikhroli East,Azzulo Group/ Aditya raj Group ,2000,1000,2
213318,2022-07-05 0:00:00,Rejected by Developer,Passcode Highway Next - Vikhroli East,Azzulo Group/ Aditya raj Group ,2000,1000,2
213310,2022-07-05 0:00:00,Approved by Developer,Passcode Highway Next - Vikhroli East,Azzulo Group/ Aditya raj Group ,2000,1000,2
213309,2022-07-05 0:00:00,Approved by Developer,Passcode Highway Next - Vikhroli East,Azzulo Group/ Aditya raj Group ,2000,1000,2
213236,2022-07-05 0:00:00,Approved by Developer,Passcode Highway Next - Vikhroli East,Azzulo Group/ Aditya raj Group ,2000,1000,2
213235,2022-07-05 0:00:00,Approved by Developer,Passcode Highway Next - Vikhroli East,Azzulo Group/ Aditya raj Group ,2000,1000,2
213233,2022-07-05 0:00:00,Approved by Developer,Passcode Highway Next - Vikhroli East,Azzulo Group/ Aditya raj Group ,2000,1000,2
213179,2022-07-05 0:00:00,Rejected by Developer,Passcode Highway Next - Vikhroli East,Azzulo Group/ Aditya raj Group ,2000,1000,2
213125,2022-07-05 0:00:00,Approved by Developer,Passcode Highway Next - Vikhroli East,Azzulo Group/ Aditya raj Group ,2000,1000,2
291648,2022-09-03 0:00:00,Pending with Developer,Tulsi Kailash - Panvel ,PMC,1000,300,1
288706,2022-08-29 00:00:00,Pending with Developer,Tulsi Kailash - Panvel ,PMC,1000,300,1
288704,2022-08-29 0:00:00,Pending with Developer,Tulsi Kailash - Panvel ,PMC,1000,300,1
288703,2022-08-29 00:00:00,Pending with Developer,Tulsi Kailash - Panvel ,PMC,1000,300,1
288702,2022-08-29 0:00:00,Pending with Developer,Tulsi Kailash - Panvel ,PMC,1000,300,1
288576,2022-08-29 00:00:00,Pending with Developer,Tulsi Kailash - Panvel ,PMC,1000,300,1
287987,2022-08-28 00:00:00,Pending with Developer,Tulsi Kailash - Panvel ,PMC,1000,300,1
287980,2022-08-28 00:00:00,Pending with Developer,Tulsi Kailash - Panvel ,PMC,1000,300,1
287790,2022-08-28 00:00:00,Pending with Developer,Tulsi Kailash - Panvel ,PMC,1000,300,1
287485,2022-08-28 0:00:00,Pending with Developer,Tulsi Kailash - Panvel ,PMC,1000,300,1
287285,2022-08-28 00:00:00,Rejected by CM,Tulsi Kailash - Panvel ,PMC,1000,300,1
287276,2022-08-28 00:00:00,Pending with Developer,Tulsi Kailash - Panvel ,PMC,1000,300,1
287272,2022-08-28 0:00:00,Rejected by CM,Tulsi Kailash - Panvel ,PMC,1000,300,1
287267,2022-08-28 0:00:00,Pending with Developer,Tulsi Kailash - Panvel ,PMC,1000,300,1
287257,2022-08-28 0:00:00,Pending with Developer,Tulsi Kailash - Panvel ,PMC,1000,300,1
287250,2022-08-28 00:00:00,Pending with Developer,Tulsi Kailash - Panvel ,PMC,1000,300,1
287018,2022-08-28 0:00:00,Pending with Developer,Tulsi Kailash - Panvel ,PMC,1000,300,1
286910,2022-08-28 0:00:00,Pending with Developer,Tulsi Kailash - Panvel ,PMC,1000,300,1
286906,2022-08-28 0:00:00,Pending with Developer,Tulsi Kailash - Panvel ,PMC,1000,300,1
286881,2022-08-28 00:00:00,Pending with Developer,Tulsi Kailash - Panvel ,PMC,1000,300,1
286873,2022-08-28 00:00:00,Pending with Developer,Tulsi Kailash - Panvel ,PMC,1000,300,1
286864,2022-08-28 00:00:00,Pending with Developer,Tulsi Kailash - Panvel ,PMC,1000,300,1
282690,2022-08-27 00:00:00,Pending with Developer,Tulsi Kailash - Panvel ,PMC,1000,300,1
282683,2022-08-27 00:00:00,Pending with Developer,Tulsi Kailash - Panvel ,PMC,1000,300,1
282679,2022-08-27 00:00:00,Pending with Developer,Tulsi Kailash - Panvel ,PMC,1000,300,1
282677,2022-08-27 00:00:00,Pending with Developer,Tulsi Kailash - Panvel ,PMC,1000,300,1
282618,2022-08-27 0:00:00,Pending with Developer,Tulsi Kailash - Panvel ,PMC,1000,300,1
282608,2022-08-27 00:00:00,Pending with Developer,Tulsi Kailash - Panvel ,PMC,1000,300,1
282589,2022-08-27 0:00:00,Pending with Developer,Tulsi Kailash - Panvel ,PMC,1000,300,1
281173,2022-08-27 0:00:00,Pending with Developer,Tulsi Kailash - Panvel ,PMC,1000,300,1
281167,2022-08-27 0:00:00,Pending with Developer,Tulsi Kailash - Panvel ,PMC,1000,300,1
280702,2022-08-27 0:00:00,Pending with Developer,Tulsi Kailash - Panvel ,PMC,1000,300,1
280698,2022-08-27 0:00:00,Pending with Developer,Tulsi Kailash - Panvel ,PMC,1000,300,1
279661,2022-08-25 00:00:00,Pending with Developer,Tulsi Kailash - Panvel ,PMC,1000,300,1
279660,2022-08-25 00:00:00,Pending with Developer,Tulsi Kailash - Panvel ,PMC,1000,300,1
277674,2022-08-21 0:00:00,Approved by Developer,Tulsi Kailash - Panvel ,PMC,1000,300,1
277440,2022-08-21 00:00:00,Approved by Developer,Tulsi Kailash - Panvel ,PMC,1000,300,1
277017,2022-08-21 00:00:00,Rejected by CM,Tulsi Kailash - Panvel ,PMC,1000,300,1
277013,2022-08-21 00:00:00,Rejected by CM,Tulsi Kailash - Panvel ,PMC,1000,300,1
276828,2022-08-21 0:00:00,Approved by Developer,Tulsi Kailash - Panvel ,PMC,1000,300,1
276669,2022-08-21 00:00:00,Approved by Developer,Tulsi Kailash - Panvel ,PMC,1000,300,1
276581,2022-08-21 00:00:00,Approved by Developer,Tulsi Kailash - Panvel ,PMC,1000,300,1
276477,2022-08-21 00:00:00,Approved by Developer,Tulsi Kailash - Panvel ,PMC,1000,300,1
276468,2022-08-21 0:00:00,Approved by Developer,Tulsi Kailash - Panvel ,PMC,1000,300,1
276377,2022-08-21 0:00:00,Approved by Developer,Tulsi Kailash - Panvel ,PMC,1000,300,1
276373,2022-08-21 00:00:00,Approved by Developer,Tulsi Kailash - Panvel ,PMC,1000,300,1
276370,2022-08-21 00:00:00,Approved by Developer,Tulsi Kailash - Panvel ,PMC,1000,300,1
276367,2022-08-21 00:00:00,Approved by Developer,Tulsi Kailash - Panvel ,PMC,1000,300,1
276363,2022-08-21 0:00:00,Approved by Developer,Tulsi Kailash - Panvel ,PMC,1000,300,1
276036,2022-08-21 00:00:00,Approved by Developer,Tulsi Kailash - Panvel ,PMC,1000,300,1
275864,2022-08-21 0:00:00,Approved by Developer,Tulsi Kailash - Panvel ,PMC,1000,300,1
275821,2022-08-21 0:00:00,Approved by Developer,Tulsi Kailash - Panvel ,PMC,1000,300,1
275684,2022-08-21 0:00:00,Approved by Developer,Tulsi Kailash - Panvel ,PMC,1000,300,1
274405,2022-08-21 00:00:00,Approved by Developer,Tulsi Kailash - Panvel ,PMC,1000,300,1
274391,2022-08-21 00:00:00,Approved by Developer,Tulsi Kailash - Panvel ,PMC,1000,300,1
274184,2022-08-21 00:00:00,Approved by Developer,Tulsi Kailash - Panvel ,PMC,1000,300,1
272924,2022-08-20 00:00:00,Approved by Developer,Tulsi Kailash - Panvel ,PMC,1000,300,1
272919,2022-08-20 00:00:00,Approved by Developer,Tulsi Kailash - Panvel ,PMC,1000,300,1
272734,2022-08-20 0:00:00,Approved by Developer,Tulsi Kailash - Panvel ,PMC,1000,300,1
272162,2022-08-20 0:00:00,Approved by Developer,Tulsi Kailash - Panvel ,PMC,1000,300,1
272154,2022-08-20 00:00:00,Approved by Developer,Tulsi Kailash - Panvel ,PMC,1000,300,1
271637,2022-08-20 00:00:00,Approved by Developer,Tulsi Kailash - Panvel ,PMC,1000,300,1
270714,2022-08-20 00:00:00,Approved by Developer,Tulsi Kailash - Panvel ,PMC,1000,300,1
267793,2022-08-15 00:00:00,Approved by Developer,Tulsi Kailash - Panvel ,PMC,1000,300,1
267744,2022-08-15 00:00:00,Pending with Developer,Tulsi Kailash - Panvel ,PMC,1000,300,1
267673,2022-08-15 00:00:00,Approved by Developer,Tulsi Kailash - Panvel ,PMC,1000,300,1
267671,2022-08-15 00:00:00,Approved by Developer,Tulsi Kailash - Panvel ,PMC,1000,300,1
265866,2022-08-14 00:00:00,Approved by Developer,Tulsi Kailash - Panvel ,PMC,1000,300,1
265846,2022-08-14 00:00:00,Approved by Developer,Tulsi Kailash - Panvel ,PMC,1000,300,1
265499,2022-08-14 00:00:00,Approved by Developer,Tulsi Kailash - Panvel ,PMC,1000,300,1
265301,2022-08-14 0:00:00,Approved by Developer,Tulsi Kailash - Panvel ,PMC,1000,300,1
265131,2022-08-14 00:00:00,Approved by Developer,Tulsi Kailash - Panvel ,PMC,1000,300,1
265115,2022-08-14 00:00:00,Approved by Developer,Tulsi Kailash - Panvel ,PMC,1000,300,1
265006,2022-08-14 0:00:00,Approved by Developer,Tulsi Kailash - Panvel ,PMC,1000,300,1
264384,2022-08-14 00:00:00,Approved by Developer,Tulsi Kailash - Panvel ,PMC,1000,300,1
264016,2022-08-14 00:00:00,Approved by Developer,Tulsi Kailash - Panvel ,PMC,1000,300,1
263870,2022-08-14 00:00:00,Approved by Developer,Tulsi Kailash - Panvel ,PMC,1000,300,1
263768,2022-08-14 0:00:00,Approved by Developer,Tulsi Kailash - Panvel ,PMC,1000,300,1
263760,2022-08-14 00:00:00,Approved by Developer,Tulsi Kailash - Panvel ,PMC,1000,300,1
263144,2022-08-14 00:00:00,Approved by Developer,Tulsi Kailash - Panvel ,PMC,1000,300,1
263133,2022-08-14 00:00:00,Approved by Developer,Tulsi Kailash - Panvel ,PMC,1000,300,1
262094,2022-08-13 00:00:00,Approved by Developer,Tulsi Kailash - Panvel ,PMC,1000,300,1
262091,2022-08-13 00:00:00,Approved by Developer,Tulsi Kailash - Panvel ,PMC,1000,300,1
261379,2022-08-13 0:00:00,Pending with Developer,Tulsi Kailash - Panvel ,PMC,1000,300,1
260873,2022-08-13 00:00:00,Approved by Developer,Tulsi Kailash - Panvel ,PMC,1000,300,1
260520,2022-08-13 0:00:00,Approved by Developer,Tulsi Kailash - Panvel ,PMC,1000,300,1
260427,2022-08-13 00:00:00,Approved by Developer,Tulsi Kailash - Panvel ,PMC,1000,300,1
260424,2022-08-13 0:00:00,Approved by Developer,Tulsi Kailash - Panvel ,PMC,1000,300,1
260408,2022-08-13 00:00:00,Approved by Developer,Tulsi Kailash - Panvel ,PMC,1000,300,1
260375,2022-08-13 00:00:00,Approved by Developer,Tulsi Kailash - Panvel ,PMC,1000,300,1
260216,2022-08-13 00:00:00,Approved by Developer,Tulsi Kailash - Panvel ,PMC,1000,300,1
260073,2022-08-13 00:00:00,Approved by Developer,Tulsi Kailash - Panvel ,PMC,1000,300,1
260063,2022-08-13 00:00:00,Approved by Developer,Tulsi Kailash - Panvel ,PMC,1000,300,1
260051,2022-08-13 00:00:00,Approved by Developer,Tulsi Kailash - Panvel ,PMC,1000,300,1
259943,2022-08-13 0:00:00,Approved by Developer,Tulsi Kailash - Panvel ,PMC,1000,300,1
259685,2022-08-13 0:00:00,Approved by Developer,Tulsi Kailash - Panvel ,PMC,1000,300,1
259684,2022-08-13 00:00:00,Approved by Developer,Tulsi Kailash - Panvel ,PMC,1000,300,1
257329,2022-08-08 00:00:00,Approved by Developer,Tulsi Kailash - Panvel ,PMC,1000,300,1
257328,2022-08-08 00:00:00,Approved by Developer,Tulsi Kailash - Panvel ,PMC,1000,300,1
257327,2022-08-08 00:00:00,Approved by Developer,Tulsi Kailash - Panvel ,PMC,1000,300,1
257326,2022-08-08 0:00:00,Approved by Developer,Tulsi Kailash - Panvel ,PMC,1000,300,1
257292,2022-08-07 00:00:00,Approved by Developer,Tulsi Kailash - Panvel ,PMC,1000,300,1
257059,2022-08-07 00:00:00,Approved by Developer,Tulsi Kailash - Panvel ,PMC,1000,300,1
257057,2022-08-07 00:00:00,Approved by Developer,Tulsi Kailash - Panvel ,PMC,1000,300,1
256654,2022-08-07 00:00:00,Approved by Developer,Tulsi Kailash - Panvel ,PMC,1000,300,1
256099,2022-08-07 00:00:00,Approved by Developer,Tulsi Kailash - Panvel ,PMC,1000,300,1
256088,2022-08-07 00:00:00,Approved by Developer,Tulsi Kailash - Panvel ,PMC,1000,300,1
255926,2022-08-07 00:00:00,Approved by Developer,Tulsi Kailash - Panvel ,PMC,1000,300,1
255911,2022-08-07 00:00:00,Approved by Developer,Tulsi Kailash - Panvel ,PMC,1000,300,1
254470,2022-08-07 0:00:00,Approved by Developer,Tulsi Kailash - Panvel ,PMC,1000,300,1
254036,2022-08-07 00:00:00,Approved by Developer,Tulsi Kailash - Panvel ,PMC,1000,300,1
254021,2022-08-07 00:00:00,Approved by Developer,Tulsi Kailash - Panvel ,PMC,1000,300,1
254006,2022-08-07 00:00:00,Approved by Developer,Tulsi Kailash - Panvel ,PMC,1000,300,1
253988,2022-08-07 00:00:00,Approved by Developer,Tulsi Kailash - Panvel ,PMC,1000,300,1
252459,2022-08-06 0:00:00,Approved by Developer,Tulsi Kailash - Panvel ,PMC,1000,300,1
252243,2022-08-06 00:00:00,Approved by Developer,Tulsi Kailash - Panvel ,PMC,1000,300,1
252177,2022-08-06 0:00:00,Approved by Developer,Tulsi Kailash - Panvel ,PMC,1000,300,1
252175,2022-08-06 00:00:00,Approved by Developer,Tulsi Kailash - Panvel ,PMC,1000,300,1
252168,2022-08-06 00:00:00,Approved by Developer,Tulsi Kailash - Panvel ,PMC,1000,300,1
252157,2022-08-06 00:00:00,Approved by Developer,Tulsi Kailash - Panvel ,PMC,1000,300,1
252001,2022-08-06 00:00:00,Approved by Developer,Tulsi Kailash - Panvel ,PMC,1000,300,1
251335,2022-08-06 00:00:00,Approved by Developer,Tulsi Kailash - Panvel ,PMC,1000,300,1
251331,2022-08-06 00:00:00,Approved by Developer,Tulsi Kailash - Panvel ,PMC,1000,300,1
251314,2022-08-06 00:00:00,Approved by Developer,Tulsi Kailash - Panvel ,PMC,1000,300,1
251311,2022-08-06 00:00:00,Approved by Developer,Tulsi Kailash - Panvel ,PMC,1000,300,1
250935,2022-08-06 0:00:00,Approved by Developer,Tulsi Kailash - Panvel ,PMC,1000,300,1
250930,2022-08-06 00:00:00,Approved by Developer,Tulsi Kailash - Panvel ,PMC,1000,300,1
247502,2022-08-01 00:00:00,Approved by Developer,Tulsi Kailash - Panvel ,PMC,1000,300,1
246129,2022-07-31 00:00:00,Approved by Developer,Tulsi Kailash - Panvel ,PMC,1000,300,1
245804,2022-07-31 00:00:00,Approved by Developer,Tulsi Kailash - Panvel ,PMC,1000,300,1
245297,2022-07-31 00:00:00,Approved by Developer,Tulsi Kailash - Panvel ,PMC,1000,300,1
243761,2022-07-31 00:00:00,Approved by Developer,Tulsi Kailash - Panvel ,PMC,1000,300,1
243281,2022-07-31 00:00:00,Approved by Developer,Tulsi Kailash - Panvel ,PMC,1000,300,1
243099,2022-07-31 00:00:00,Approved by Developer,Tulsi Kailash - Panvel ,PMC,1000,300,1
243097,2022-07-31 00:00:00,Approved by Developer,Tulsi Kailash - Panvel ,PMC,1000,300,1
242150,2022-07-30 00:00:00,Approved by Developer,Tulsi Kailash - Panvel ,PMC,1000,300,1
242148,2022-07-30 0:00:00,Approved by Developer,Tulsi Kailash - Panvel ,PMC,1000,300,1
242142,2022-07-30 00:00:00,Approved by Developer,Tulsi Kailash - Panvel ,PMC,1000,300,1
242135,2022-07-30 0:00:00,Approved by Developer,Tulsi Kailash - Panvel ,PMC,1000,300,1
241691,2022-07-30 00:00:00,Approved by Developer,Tulsi Kailash - Panvel ,PMC,1000,300,1
241563,2022-07-30 0:00:00,Approved by Developer,Tulsi Kailash - Panvel ,PMC,1000,300,1
240021,2022-07-30 00:00:00,Approved by Developer,Tulsi Kailash - Panvel ,PMC,1000,300,1
236742,2022-07-25 00:00:00,Approved by Developer,Tulsi Kailash - Panvel ,PMC,1000,300,1
236450,2022-07-24 00:00:00,Approved by Developer,Tulsi Kailash - Panvel ,PMC,1000,300,1
236358,2022-07-24 00:00:00,Approved by Developer,Tulsi Kailash - Panvel ,PMC,1000,300,1
234550,2022-07-24 00:00:00,Approved by Developer,Tulsi Kailash - Panvel ,PMC,1000,300,1
234287,2022-07-24 00:00:00,Approved by Developer,Tulsi Kailash - Panvel ,PMC,1000,300,1
233177,2022-07-24 0:00:00,Rejected by Developer,Tulsi Kailash - Panvel ,PMC,1000,300,1
232921,2022-07-24 0:00:00,Rejected by Developer,Tulsi Kailash - Panvel ,PMC,1000,300,1
232649,2022-07-24 00:00:00,Approved by Developer,Tulsi Kailash - Panvel ,PMC,1000,300,1
232498,2022-07-23 00:00:00,Rejected by Developer,Tulsi Kailash - Panvel ,PMC,1000,300,1
232477,2022-07-23 00:00:00,Rejected by Developer,Tulsi Kailash - Panvel ,PMC,1000,300,1
232466,2022-07-23 00:00:00,Rejected by Developer,Tulsi Kailash - Panvel ,PMC,1000,300,1
232453,2022-07-23 00:00:00,Rejected by Developer,Tulsi Kailash - Panvel ,PMC,1000,300,1
232338,2022-07-23 00:00:00,Rejected by Developer,Tulsi Kailash - Panvel ,PMC,1000,300,1
232273,2022-07-23 00:00:00,Rejected by Developer,Tulsi Kailash - Panvel ,PMC,1000,300,1
231721,2022-07-23 0:00:00,Approved by Developer,Tulsi Kailash - Panvel ,PMC,1000,300,1
231717,2022-07-23 0:00:00,Approved by Developer,Tulsi Kailash - Panvel ,PMC,1000,300,1
231540,2022-07-23 0:00:00,Rejected by Developer,Tulsi Kailash - Panvel ,PMC,1000,300,1
231036,2022-07-23 00:00:00,Rejected by Developer,Tulsi Kailash - Panvel ,PMC,1000,300,1
231015,2022-07-23 00:00:00,Rejected by Developer,Tulsi Kailash - Panvel ,PMC,1000,300,1
230858,2022-07-23 00:00:00,Approved by Developer,Tulsi Kailash - Panvel ,PMC,1000,300,1
230486,2022-07-23 00:00:00,Rejected by Developer,Tulsi Kailash - Panvel ,PMC,1000,300,1
230088,2022-07-23 00:00:00,Approved by Developer,Tulsi Kailash - Panvel ,PMC,1000,300,1