Story Transaction Id,Top Up Dropdown,Edited Remarks
2335,Others,30K Transferred from Lotus Crown
2334,Others,30K Transferred to Runwal Nirvana
2332,Top Up from Developer,Based on Sanjay's approval
2331,Others,Adjustment
2330,Others,Adjustment
2329,Others,Adjustment
2328,Others,Adjustment
2327,Others,Adjustment
2326,Others,Adjustment
2325,Others,Adjustment
2324,Others,Adjustment
2323,Others,Adjustment
2322,Others,Adjustment
2321,Others,Adjustment
2320,Others,Adjustment
2319,Others,Adjustment
2318,Others,Adjustment
2317,Others,Adjustment
2316,Others,Adjustment
2315,Others,Adjustment
2289,Others,1L Transferred to Signora
2282,Top Up from Developer,Based on Sanjay's approval
2280,Others,Reversal
2279,Others,Reversal
2278,Others,Reversal
2278,Others,Reversal
2277,Others,Reversal
2277,Others,Reversal
2276,First Wallet Recharge,
2276,First Wallet Recharge,
2275,First Wallet Recharge,
2275,First Wallet Recharge,
2274,First Wallet Recharge,
2273,First Wallet Recharge,
2272,First Wallet Recharge,
2271,First Wallet Recharge,
2270,First Wallet Recharge,
2269,First Wallet Recharge,
2268,First Wallet Recharge,
2267,First Wallet Recharge,
2266,First Wallet Recharge,
2265,First Wallet Recharge,
2264,First Wallet Recharge,
2263,First Wallet Recharge,
2262,First Wallet Recharge,
2261,First Wallet Recharge,
2260,First Wallet Recharge,
2259,First Wallet Recharge,
2258,First Wallet Recharge,
2257,First Wallet Recharge,
2256,First Wallet Recharge,
2255,First Wallet Recharge,
2254,First Wallet Recharge,
2253,First Wallet Recharge,
2252,First Wallet Recharge,
2251,First Wallet Recharge,
2250,First Wallet Recharge,
2249,First Wallet Recharge,
2248,First Wallet Recharge,
2247,First Wallet Recharge,
2246,Others,Rectified
2245,First Wallet Recharge,
2244,First Wallet Recharge,
2243,First Wallet Recharge,
2242,First Wallet Recharge,
2241,First Wallet Recharge,
2240,First Wallet Recharge,
2239,First Wallet Recharge,
2238,First Wallet Recharge,
2237,First Wallet Recharge,
2236,First Wallet Recharge,
2235,First Wallet Recharge,
2234,First Wallet Recharge,
2233,First Wallet Recharge,
2232,First Wallet Recharge,
2231,First Wallet Recharge,
2230,First Wallet Recharge,
2229,First Wallet Recharge,
2228,First Wallet Recharge,
2227,First Wallet Recharge,
2226,First Wallet Recharge,
2225,First Wallet Recharge,
2224,First Wallet Recharge,
2223,First Wallet Recharge,
2222,First Wallet Recharge,
2221,First Wallet Recharge,
2220,First Wallet Recharge,
2219,First Wallet Recharge,
2218,First Wallet Recharge,
2217,First Wallet Recharge,
2216,First Wallet Recharge,
2215,First Wallet Recharge,
2214,First Wallet Recharge,
2213,First Wallet Recharge,
2212,First Wallet Recharge,
2211,First Wallet Recharge,
2210,First Wallet Recharge,
2209,First Wallet Recharge,
2208,First Wallet Recharge,
2207,First Wallet Recharge,
2206,First Wallet Recharge,
2205,First Wallet Recharge,
2204,First Wallet Recharge,
2203,First Wallet Recharge,
2202,First Wallet Recharge,
2201,First Wallet Recharge,
2200,First Wallet Recharge,
2199,First Wallet Recharge,
2198,First Wallet Recharge,
2197,First Wallet Recharge,
2196,First Wallet Recharge,
2195,First Wallet Recharge,
2194,First Wallet Recharge,
2193,First Wallet Recharge,
2192,First Wallet Recharge,
2191,First Wallet Recharge,
2190,Others,50K Transferred from SGK
2189,First Wallet Recharge,
2188,First Wallet Recharge,
2187,Others,50K Transferred to Signum Plaza
2186,First Wallet Recharge,
2185,First Wallet Recharge,
2184,First Wallet Recharge,
2183,Others,Recharged based on approval
2182,First Wallet Recharge,
2181,First Wallet Recharge,
2180,First Wallet Recharge,
2179,Others,1L Transferred from Vrindhavan
2178,Others,Recharged based on approval
2177,First Wallet Recharge,
2176,First Wallet Recharge,
2175,Others,Recharged based on approval
2174,First Wallet Recharge,
2173,First Wallet Recharge,
2172,First Wallet Recharge,
2171,First Wallet Recharge,
2170,First Wallet Recharge,
2169,Others,Recharged based on approval
2168,First Wallet Recharge,
2167,First Wallet Recharge,
2166,Others,Recharged based on approval
2165,Others,Recharged based on approval
2164,First Wallet Recharge,
2163,Others,Recharged based on approval
2162,First Wallet Recharge,
2161,First Wallet Recharge,
2160,First Wallet Recharge,
2159,First Wallet Recharge,
2158,First Wallet Recharge,
2157,Others,Recharged based on approval
2156,First Wallet Recharge,
2155,Others,Recharged based on approval
2154,First Wallet Recharge,
2153,First Wallet Recharge,
2152,First Wallet Recharge,
2151,Others,Recharged based on approval
2150,First Wallet Recharge,
2149,First Wallet Recharge,
2148,Others,Recharged based on approval
2147,Others,Recharged based on approval
2146,First Wallet Recharge,
2145,First Wallet Recharge,
2144,First Wallet Recharge,
2143,First Wallet Recharge,
2142,First Wallet Recharge,
2141,First Wallet Recharge,
2140,First Wallet Recharge,
2139,First Wallet Recharge,
2138,First Wallet Recharge,
2137,First Wallet Recharge,
2136,First Wallet Recharge,
2135,First Wallet Recharge,
2134,Others,Recharged based on approval
2133,First Wallet Recharge,
2132,First Wallet Recharge,
2131,First Wallet Recharge,
2130,First Wallet Recharge,
2129,First Wallet Recharge,
2128,Others,Recharged based on approval
2127,First Wallet Recharge,
2126,Others,Recharged based on approval
2125,First Wallet Recharge,
2124,Others,Recharged based on approval
2123,First Wallet Recharge,
2122,Others,Recharged based on approval
2121,First Wallet Recharge,
2120,Others,Recharged based on approval
2119,First Wallet Recharge,
2118,Others,Recharged based on approval
2117,First Wallet Recharge,
2116,First Wallet Recharge,
2115,First Wallet Recharge,
2114,First Wallet Recharge,
2113,Others,Recharged based on approval
2112,First Wallet Recharge,
2111,Others,Recharged based on approval
2110,First Wallet Recharge,
2109,Others,Recharged based on approval
2108,First Wallet Recharge,
2107,Others,Recharged based on approval
2106,First Wallet Recharge,
2105,Others,Recharged based on approval
2104,First Wallet Recharge,
2103,Others,Recharged based on approval
2102,First Wallet Recharge,
2101,Others,Recharged based on approval
2100,First Wallet Recharge,
2099,Others,Recharged based on approval
2098,First Wallet Recharge,
2097,First Wallet Recharge,
2096,Others,Recharged based on approval
2095,Others,Recharged based on approval
2094,First Wallet Recharge,
2093,First Wallet Recharge,
2092,Others,Recharged based on approval
2091,First Wallet Recharge,
2090,Others,Recharged based on approval
2089,First Wallet Recharge,
2088,Others,Recharged based on approval
2087,First Wallet Recharge,
2086,First Wallet Recharge,
2085,Others,Recharged based on approval
2084,First Wallet Recharge,
2083,Others,Recharged based on approval
2082,First Wallet Recharge,
2081,Others,Recharged based on approval
2080,First Wallet Recharge,
2079,Others,Recharged based on approval
2078,First Wallet Recharge,
2077,First Wallet Recharge,
2076,First Wallet Recharge,
2075,First Wallet Recharge,
2074,First Wallet Recharge,
2073,Others,Recharged based on approval
2072,First Wallet Recharge,
2071,First Wallet Recharge,
2070,First Wallet Recharge,
2069,First Wallet Recharge,
2068,Others,Recharged based on approval
2067,First Wallet Recharge,
2066,Others,Recharged based on approval
2065,First Wallet Recharge,
2064,First Wallet Recharge,
2063,Others,Recharged based on approval
2062,Others,Recharged based on approval
2061,First Wallet Recharge,
2060,First Wallet Recharge,
2059,Others,Recharged based on approval
2058,First Wallet Recharge,
2057,Others,Recharged based on approval
2056,First Wallet Recharge,
2055,First Wallet Recharge,
2054,Others,Recharged based on approval
2053,First Wallet Recharge,
2052,Others,Recharged based on approval
2051,First Wallet Recharge,
2050,Others,Recharged based on approval
2049,First Wallet Recharge,
2048,First Wallet Recharge,
2047,Others,Recharged based on approval
2046,First Wallet Recharge,
2045,Others,Recharged based on approval
2044,First Wallet Recharge,
2043,Others,Recharged based on approval
2042,First Wallet Recharge,
2041,Others,Recharged based on approval
2040,First Wallet Recharge,
2039,First Wallet Recharge,
2038,Others,Recharged based on approval
2037,First Wallet Recharge,
2036,Others,Recharged based on approval
2035,First Wallet Recharge,
2034,Others,Recharged based on approval
2033,First Wallet Recharge,
2032,Others,Recharged based on approval
2031,First Wallet Recharge,
2030,Others,Recharged based on approval
2029,First Wallet Recharge,
2028,First Wallet Recharge,
2027,First Wallet Recharge,
2026,First Wallet Recharge,
2025,First Wallet Recharge,
2024,First Wallet Recharge,
2023,Others,Recharged based on approval
2022,Others,Recharged based on approval
2021,First Wallet Recharge,
2020,Others,Recharged based on approval
2019,First Wallet Recharge,
2018,Others,Recharged based on approval
2017,First Wallet Recharge,
2016,Others,Recharged based on approval
2015,First Wallet Recharge,
2014,Others,Recharged based on approval
2013,First Wallet Recharge,
2012,Others,Recharged based on approval
2011,First Wallet Recharge,
2010,Others,Recharged based on approval
2009,First Wallet Recharge,
2008,Others,Recharged based on approval
2007,First Wallet Recharge,
2006,First Wallet Recharge,
2005,Others,Recharged based on approval
2004,Others,Recharged based on approval
2003,First Wallet Recharge,
2002,Others,Recharged based on approval
2001,First Wallet Recharge,
2000,Top-up by Developer,
1999,Others,Recharged based on approval
1998,Top-up by Developer,
1997,Top-up by Developer,
1996,Others,15k from Ganga ambar & Fernhill
1995,First Wallet Recharge,
1994,First Wallet Recharge,
1993,Others,Recharged based on approval
1992,Others,60K Transferred from Fernhill
1991,Top-up by Developer,
1990,Top-up by Developer,
1989,Others,15K transfer to Ganga Hillshire
1988,First Wallet Recharge,
1987,Top-up by Developer,
1986,Top-up by Developer,
1985,First Wallet Recharge,
1984,Others,Recharged based on approval
1983,First Wallet Recharge,
1982,First Wallet Recharge,
1981,First Wallet Recharge,
1980,First Wallet Recharge,
1979,Others,Recharged based on approval
1978,Others,25K Transferred from Lavender
1977,Others,Recharged based on approval
1976,First Wallet Recharge,
1975,First Wallet Recharge,
1974,First Wallet Recharge,
1973,Top-up by Developer,
1972,Others,Recharged based on approval
1971,First Wallet Recharge,
1970,Others,Recharged based on approval
1969,First Wallet Recharge,
1968,First Wallet Recharge,
1967,Others,Recharged based on approval
1966,First Wallet Recharge,
1965,First Wallet Recharge,
1964,Others,Recharged based on approval
1963,First Wallet Recharge,
1962,Others,Recharged based on approval
1961,First Wallet Recharge,
1960,Others,Recharged based on approval
1959,First Wallet Recharge,
1958,Others,Recharged based on approval
1957,First Wallet Recharge,
1956,Others,Recharged based on approval
1955,First Wallet Recharge,
1954,Others,Recharged based on approval
1953,First Wallet Recharge,
1952,Others,Recharged based on approval
1951,First Wallet Recharge,
1950,Others,Recharged based on approval
1949,First Wallet Recharge,
1948,First Wallet Recharge,
1947,Others,Recharged based on approval
1946,First Wallet Recharge,
1945,Others,Recharged based on approval
1944,First Wallet Recharge,
1943,Top-up by Developer,
1942,Others,Recharged based on approval
1941,First Wallet Recharge,
1940,Others,Recharged based on approval
1939,First Wallet Recharge,
1938,Others,Recharged based on approval
1937,First Wallet Recharge,
1936,Others,Recharged based on approval
1935,First Wallet Recharge,
1934,Others,Recharged based on approval
1933,First Wallet Recharge,
1932,Others,Recharged based on approval
1931,Others,Reversal
1930,Others,Difference top up - Needs to be reverse
1929,First Wallet Recharge,
1928,First Wallet Recharge,
1927,First Wallet Recharge,
1926,First Wallet Recharge,
1925,First Wallet Recharge,
1924,First Wallet Recharge,
1923,First Wallet Recharge,
1922,First Wallet Recharge,
1921,Others,Recharged based on approval
1920,First Wallet Recharge,
1919,First Wallet Recharge,
1918,Others,Recharged based on approval
1917,First Wallet Recharge,
1916,First Wallet Recharge,
1915,Others,Recharge based on approval
1914,First Wallet Recharge,
1913,Top-up by Developer,
1912,Others,Recharged based on approval
1911,First Wallet Recharge,
1910,First Wallet Recharge,
1909,Others,Difference Top Up - Needs to be reverse
1908,Others,Recharged based on approval
1907,Top-up by Developer,
1906,Others,Recharged based on approval
1905,Top-up by Developer,
1904,First Wallet Recharge,
1903,Others,5K Transferred from Hive 67
1902,Others,Reversal
1901,Others,Difference top up - Needs to be reverse
1900,Others,Recharged based on approval
1899,First Wallet Recharge,
1898,Others,5K Transfer to vora Icon
1897,Others,Difference Top Up - Needs to be reverse
1896,First Wallet Recharge,
1895,First Wallet Recharge,
1894,First Wallet Recharge,
1893,Others,Recharged based on approval
1892,First Wallet Recharge,
1891,First Wallet Recharge,
1890,First Wallet Recharge,
1889,Others,Recharged based on approval
1888,First Wallet Recharge,
1887,Others,Recharged based on approval
1886,First Wallet Recharge,
1885,First Wallet Recharge,
1884,Others,Recharged based on approval
1883,First Wallet Recharge,
1882,Others,Recharged based on approval
1881,First Wallet Recharge,
1880,Others,Recharged based on approval
1879,First Wallet Recharge,
1878,Others,Recharged based on approval
1877,First Wallet Recharge,
1876,Others,Recharged based on approval
1875,Others,Recharged based on approval
1874,First Wallet Recharge,
1873,Others,Recharged based on approval
1872,First Wallet Recharge,
1871,Others,Recharged based on approval
1870,First Wallet Recharge,
1869,Others,Recharged based on approval
1868,First Wallet Recharge,
1867,First Wallet Recharge,
1866,First Wallet Recharge,
1865,Others,Recharged based on approval
1864,First Wallet Recharge,
1863,Others,Recharged based on approval
1862,Others,25K Transferred to Ranches
1861,First Wallet Recharge,
1860,Others,25k transfer to Mahaveer Ranches
1859,Others,25K transferred to Ranches
1858,Others,Recharged based on approval
1857,First Wallet Recharge,
1856,Others,Recharged based on approval
1855,First Wallet Recharge,
1854,Others,Recharged based on approval
1853,First Wallet Recharge,
1852,Others,Recharged based on approval
1851,First Wallet Recharge,
1850,Others,Recharged based on approval
1849,First Wallet Recharge,
1848,Others,Recharged based on approval
1847,First Wallet Recharge,
1846,First Wallet Recharge,
1845,Others,Recharged based on approval
1844,First Wallet Recharge,
1843,Others,25K Transferred from Trident & Northscape
1842,Others,Recharged based on approval
1841,Others,50K Transferred from Mahaveer Celesse and Northscape
1840,Top-up by Developer,
1839,First Wallet Recharge,
1838,First Wallet Recharge,
1837,First Wallet Recharge,
1836,Others,Recharged based on approval
1835,First Wallet Recharge,
1834,Others,Recharged based on approval
1833,Others,50k Transferred to SJR Palazaa city
1832,First Wallet Recharge,
1831,Others,Recharged based on approval
1830,First Wallet Recharge,
1829,First Wallet Recharge,
1828,Others,Recharged based on approval
1827,First Wallet Recharge,
1826,Others,Recharged based on approval
1825,First Wallet Recharge,
1824,First Wallet Recharge,
1823,Others,Recharged based on approval
1822,Others,Recharged based on approval
1821,First Wallet Recharge,
1820,First Wallet Recharge,
1819,First Wallet Recharge,
1818,Others,Recharged based on approval
1817,First Wallet Recharge,
1816,First Wallet Recharge,
1815,Others,Recharged based on approval
1814,First Wallet Recharge,
1813,Others,Recharged based on approval
1812,First Wallet Recharge,
1811,First Wallet Recharge,
1810,Others,Recharged based on approval
1809,First Wallet Recharge,
1808,Others,Recharged based on approval
1807,First Wallet Recharge,
1806,First Wallet Recharge,
1805,First Wallet Recharge,
1804,Others,Recharged based on approval
1803,First Wallet Recharge,
1802,Others,Recharged based on approval
1801,Others,Recharged Based On Approval
1800,First Wallet Recharge,
1799,First Wallet Recharge,
1798,Others,Recharged based on approval
1797,Others,Recharged Based On Approval
1796,First Wallet Recharge,
1795,First Wallet Recharge,
1794,Others,Recharged based on approval
1793,First Wallet Recharge,
1792,Others,Recharged based on approval
1791,Others,Recharged based on approval
1790,First Wallet Recharge,
1789,Others,Recharged based on approval
1788,First Wallet Recharge,
1787,First Wallet Recharge,
1786,Others,400000 Outstanding
1785,Others,Recharged based on approval
1784,First Wallet Recharge,
1783,Others,Recharged based on approval
1782,First Wallet Recharge,
1781,Others,Recharged based on approval
1780,First Wallet Recharge,
1779,First Wallet Recharge,
1778,First Wallet Recharge,
1777,Others,Recharged based on approval
1776,First Wallet Recharge,
1775,Others,Adjustment for story plan amount
1774,First Wallet Recharge,
1773,Others,Recharged based on approval
1772,First Wallet Recharge,
1771,First Wallet Recharge,
1770,Others,Recharged based on approval
1769,First Wallet Recharge,
1768,Others,Recharged based on approval
1767,First Wallet Recharge,
1766,Others,Recharged Based On Approval
1765,First Wallet Recharge,
1764,First Wallet Recharge,
1763,Others,Recharged based on approval
1762,First Wallet Recharge,
1761,Others,Recharged based on approval
1760,Others,Recharged Based On Approval
1759,First Wallet Recharge,
1758,First Wallet Recharge,
1757,First Wallet Recharge,
1756,Others,Recharged based on approval
1755,First Wallet Recharge,
1754,Others,Recharged based on approval
1753,First Wallet Recharge,
1752,Others,Recharged Based On Approval
1751,Others,Recharged based on approval
1750,Others,Recharged based on approval - Correction
1749,First Wallet Recharge,
1748,Others,Recharged based on approval
1747,First Wallet Recharge,
1746,Others,Recharged based on approval
1745,First Wallet Recharge,
1744,Others,Recharged based on approval
1743,First Wallet Recharge,
1742,First Wallet Recharge,
1741,First Wallet Recharge,
1740,First Wallet Recharge,
1739,Others,Reversal
1738,Others,Differential amt needs to be reversal..
1737,Others,Recharged based on approval
1736,First Wallet Recharge,
1735,First Wallet Recharge,
1734,Others,Recharged based on approval
1733,Others,25K Transferred to Platina
1732,First Wallet Recharge,
1731,Others,Recharged based on approval
1730,Others,Recharged based on approval
1729,First Wallet Recharge,
1728,First Wallet Recharge,
1727,First Wallet Recharge,
1726,Others,Recharged based on approval
1725,First Wallet Recharge,
1724,Others,Recharged based on approval
1723,Others,Recharged Based On Approval
1722,First Wallet Recharge,
1721,Others,Recharged based on approval
1720,First Wallet Recharge,
1719,First Wallet Recharge,
1718,First Wallet Recharge,
1717,Others,Recharged based on approval
1716,Others,Recharged based on approval
1715,Top-up by Developer,
1714,Others,Recharged based on approval
1713,Others,Recharged based on approval
1712,First Wallet Recharge,
1711,First Wallet Recharge,
1710,Others,Recharged based on approval
1709,First Wallet Recharge,
1708,Others,Recharged based on approval
1707,Top-up by Developer,
1706,First Wallet Recharge,
1705,Others,Recharged based on approval
1704,First Wallet Recharge,
1703,Others,Top up based on approval..
1702,First Wallet Recharge,
1701,Others,Recharged based on approval
1700,Others,Recharged based on approval
1699,Others,Recharged based on approval
1698,First Wallet Recharge,
1697,Others,Recharged based on approval
1696,Others,71400 equally transfer to Poonam Imperia & Majestic Meodows
1695,Others,Recharged Based On Approval
1694,First Wallet Recharge,
1693,First Wallet Recharge,
1692,First Wallet Recharge,
1691,Others,Recharged based on approval
1690,First Wallet Recharge,
1689,Others,Recharged based on approval
1688,First Wallet Recharge,
1687,Others,Recharged based on approval
1686,First Wallet Recharge,
1685,Others,Recharged based on approval
1684,First Wallet Recharge,
1683,Others,Recharged based on approval
1682,First Wallet Recharge,
1681,Others,Recharged based on approval
1680,Others,Recharged based on approval
1679,Others,35.7 Transferred from Aditya Plaza
1678,First Wallet Recharge,
1677,First Wallet Recharge,
1676,Others,Recharged based on approval
1675,First Wallet Recharge,
1674,Others,Recharged based on approval
1673,Others,Recharged based on approval
1672,First Wallet Recharge,
1671,Others,Recharged Based On Approval
1670,Others,Recharged based on approval
1669,First Wallet Recharge,
1668,Others,Recharged Based On Approval
1667,Others,Recharged based on approval
1666,First Wallet Recharge,
1665,Others,Recharged based on approval
1664,First Wallet Recharge,
1663,First Wallet Recharge,
1662,First Wallet Recharge,
1661,Others,Recharged based on approval
1660,Others,Transfer to Shubham
1659,Others,Recharged based on approval
1658,First Wallet Recharge,
1657,First Wallet Recharge,
1656,Others,Recharged based on approval
1655,First Wallet Recharge,
1654,First Wallet Recharge,
1653,Others,Recharged based on approval
1652,First Wallet Recharge,
1651,First Wallet Recharge,
1650,Others,Recharged based on approval
1649,First Wallet Recharge,
1648,Others,Recharged Based On Approval
1647,Others,Recharged based on approval
1646,First Wallet Recharge,
1645,Others,3L Outstanding
1644,Others,Recharged based on approval
1643,First Wallet Recharge,
1642,First Wallet Recharge,
1641,First Wallet Recharge,
1640,First Wallet Recharge,
1639,First Wallet Recharge,
1638,First Wallet Recharge,
1637,Others,Recharged based on approval
1636,Others,Recharged based on approval
1635,First Wallet Recharge,
1634,Others,Recharged based on approval
1633,First Wallet Recharge,
1632,Others,Recharged based on approval
1631,Others,Recharged based on approval
1630,First Wallet Recharge,
1629,Others,Recharged based on approval
1628,First Wallet Recharge,
1627,First Wallet Recharge,
1626,Others,Recharged Based On Approval
1625,Others,Recharged based on approval
1624,First Wallet Recharge,
1623,Others,Recharged based on approval
1622,Others,Recharged based on approval
1621,Others,Recharged based on approval
1620,Others,1L Transferred to 19North
1619,First Wallet Recharge,
1618,Others,Recharged Based On Approval
1617,Others,Recharged based on approval
1616,First Wallet Recharge,
1615,Others,Outstanding
1614,First Wallet Recharge,
1613,Others,Recharged based on approval
1612,Others,83300 Transferred to Aurigae residency
1611,Others,3400 Transferred to Peak 25
1610,Others,98.30 Transferred to central park
1609,Others,recharged based on approval
1608,First Wallet Recharge,
1607,Others,Recharged based on approval
1606,Others,Recharged based on approvla
1605,First Wallet Recharge,
1604,First Wallet Recharge,
1603,Others,Top Up Based on approval..
1602,Others,Recharged based on approval
1601,Others,Recharged based on approval
1600,First Wallet Recharge,
1599,First Wallet Recharge,
1598,Others,Recharged based on approval
1597,First Wallet Recharge,
1596,Others,Recharged based on approval
1595,Others,Recharged based on approval
1594,First Wallet Recharge,
1593,Others,Recharged Based On Approval
1592,First Wallet Recharge,
1591,Others,1L Transferred to 8 Petals
1590,First Wallet Recharge,
1589,First Wallet Recharge,
1588,First Wallet Recharge,
1587,Others,Recharged based on approval
1586,Others,Excess Wallet
1585,Others,Recharged based on approval
1584,First Wallet Recharge,
1583,Others,Recharged based on approval
1582,First Wallet Recharge,
1581,First Wallet Recharge,
1580,First Wallet Recharge,
1579,Others,Recharged Based On Approval
1578,First Wallet Recharge,
1577,First Wallet Recharge,
1576,Others,Recharged based on approval
1575,First Wallet Recharge,
1574,Others,Recharged based on approval
1573,First Wallet Recharge,
1572,First Wallet Recharge,
1571,Others,Recharged based on approval
1570,First Wallet Recharge,
1569,Others,Recharged Based On Approval
1568,Others,Recharged based on approval
1567,First Wallet Recharge,
1566,Others,Recharged Based On Approval
1565,Others,Recharged based on approval
1564,First Wallet Recharge,
1563,Others,Recharged Based On Approval
1562,First Wallet Recharge,
1561,Others,Recharged Based On Approval
1560,Others,Recharged based on approval
1559,First Wallet Recharge,
1558,Others,Recharged based on approval
1557,Others,Recharged based on approval
1556,First Wallet Recharge,
1555,First Wallet Recharge,
1554,Others,Recharged based on approval
1553,Others,Recharged based on approval
1552,First Wallet Recharge,
1551,Others,Recharged based on approval
1550,First Wallet Recharge,
1549,First Wallet Recharge,
1548,Others,Recharged Based On Approval
1547,Others,Recharged based on approval
1546,First Wallet Recharge,
1545,Others,Recharged Based On Approval
1544,First Wallet Recharge,
1543,First Wallet Recharge,
1542,Others,Recharged based on approval
1541,First Wallet Recharge,
1540,Others,Recharged based on approval
1539,Others,Recharged based on approval
1538,Others,Recharged based on approval
1537,First Wallet Recharge,
1536,Others,Recharged based on approval
1535,Others,Recharged based on approval
1534,First Wallet Recharge,
1533,Others,250000 Outstanding
1532,Others,Recharged based on approval
1531,Others,Recharged based on approval
1530,Others,Recharged Based On Approval
1529,First Wallet Recharge,
1528,First Wallet Recharge,
1527,First Wallet Recharge,
1526,Others,Recharged based on approval
1525,First Wallet Recharge,
1524,Others,Recharged based on approval
1523,First Wallet Recharge,
1522,First Wallet Recharge,
1521,Others,Recharged based on approval
1520,Others,Recharged based on approval
1519,Others,Transfer to Wildwood
1518,First Wallet Recharge,
1517,First Wallet Recharge,
1516,First Wallet Recharge,
1515,Others,Recharged based on approval
1514,Others,Recharged based on approval
1513,Others,Recharged based on approval
1512,Others,Recharged based on approval
1511,First Wallet Recharge,
1510,Others,Recharged based on approval
1509,First Wallet Recharge,
1508,Others,Recharged based on approval
1507,First Wallet Recharge,
1506,First Wallet Recharge,
1505,Others,Recharged based on approval
1504,First Wallet Recharge,
1503,First Wallet Recharge,
1502,First Wallet Recharge,
1501,Others,Recharged based on approval
1500,First Wallet Recharge,
1499,Others,Recharged based on approval
1498,First Wallet Recharge,
1497,First Wallet Recharge,
1496,Others,Recharged based on approval
1495,First Wallet Recharge,
1494,Others,Recharged based on approval
1493,First Wallet Recharge,
1492,Others,Recharged based on approval
1491,First Wallet Recharge,
1490,Others,Recharged based on approval
1489,Others,Recharged based on approval
1488,First Wallet Recharge,
1487,First Wallet Recharge,
1486,Others,Recharged based on approval
1485,First Wallet Recharge,
1484,Others,Recharged Based On Approval
1483,Others,Recharged based on approval
1482,First Wallet Recharge,
1481,First Wallet Recharge,
1480,Others,Recharged based on approval
1479,Others,Recharged based on approval
1478,Others,Recharged based on approval
1477,Others,Recharged based on approval
1476,First Wallet Recharge,
1475,First Wallet Recharge,
1474,Others,Recharged Based On Approval
1473,Others,Recharged based on approval
1472,First Wallet Recharge,
1471,First Wallet Recharge,
1470,Others,Recharged Based On Approval
1469,First Wallet Recharge,
1468,Others,Recharged based on approval
1467,First Wallet Recharge,
1466,Others,Recharged based on approval
1465,First Wallet Recharge,
1464,Others,Recharged based on approval
1463,Others,Recharged based on approval
1462,First Wallet Recharge,
1461,First Wallet Recharge,
1460,First Wallet Recharge,
1459,First Wallet Recharge,
1458,Top-up by Developer,
1457,First Wallet Recharge,
1456,Others,Recharged based on approval
1455,Others,Recharged based on approval
1454,First Wallet Recharge,
1453,First Wallet Recharge,
1452,Top-up by Developer,
1451,Others,Recharged based on approval
1450,First Wallet Recharge,
1449,First Wallet Recharge,
1448,Others,Recharged based on approval
1447,Top-up by Developer,
1446,Top-up by Developer,
1445,Top-up by Developer,
1444,Others,Recharged based on approval
1443,Top-up by Developer,
1442,First Wallet Recharge,
1441,First Wallet Recharge,
1440,Others,Recharged based on approval
1439,Top-up by Developer,
1438,First Wallet Recharge,
1437,Others,Recharged based on approval
1436,First Wallet Recharge,
1435,Others,Recharged based on approval
1434,First Wallet Recharge,
1433,Top-up by Developer,
1432,Top-up by Developer,
1431,Others,Recharged based on approval
1430,Others,Recharged based on approval
1429,First Wallet Recharge,
1428,First Wallet Recharge,
1427,First Wallet Recharge,
1426,Others,Top up based on approval..
1425,First Wallet Recharge,
1424,Others,Recharged based on approval
1423,First Wallet Recharge,
1422,First Wallet Recharge,
1421,First Wallet Recharge,
1420,Others,Recharged based on approval
1419,First Wallet Recharge,
1418,Others,Recharged based on approval
1417,Others,Recharged based on approval
1416,Top-up by Developer,
1415,First Wallet Recharge,
1414,Others,Recharged Based On Approval
1413,Others,Recharged based on approval
1412,First Wallet Recharge,
1411,First Wallet Recharge,
1410,Others,39K Transferred from Dinaco Darshan
1409,Others,Recharged based on approval
1408,First Wallet Recharge,
1407,Others,39K Transfer to Goyal Amrut
1406,Others,By Mistake
1405,Others,39K Transfer to Goyal amrut
1404,First Wallet Recharge,
1403,Others,Recharged based on approval
1402,Others,Top up based on approval..
1401,Others,Transferred to Swaroop Residency..
1400,Others,Payment Outstanding
1399,Others,Recharged based on approval
1398,Others,Recharged based on approval
1397,Others,Recharged based on approval
1396,First Wallet Recharge,
1395,First Wallet Recharge,
1394,Others,Recharged based on approval
1393,Others,Recharged Based On Approval
1392,First Wallet Recharge,
1391,Others,Recharged Based On Approval
1390,Others,Recharged based on approval
1389,First Wallet Recharge,
1388,First Wallet Recharge,
1387,Others,Recharged based on approval
1386,First Wallet Recharge,
1385,Others,Recharged based on approval
1384,First Wallet Recharge,
1383,First Wallet Recharge,
1382,Others,Recharged based on approval
1381,Others,Recharged based on approval
1380,First Wallet Recharge,
1379,Top-up by Developer,
1378,Top-up by Developer,
1377,Others,Recharged based on approval
1376,First Wallet Recharge,
1375,First Wallet Recharge,
1374,Top-up by Developer,
1373,First Wallet Recharge,
1372,Top-up by Developer,
1371,Top-up by Developer,
1370,First Wallet Recharge,
1369,First Wallet Recharge,
1368,Others,Recharged based on approval
1367,First Wallet Recharge,
1366,First Wallet Recharge,
1365,Others,Recharged based on approval
1364,Others,Recharged based on approval
1363,Others,Recharged based on approval
1362,Others,Recharged based on approval
1361,First Wallet Recharge,
1360,First Wallet Recharge,
1359,First Wallet Recharge,
1358,First Wallet Recharge,
1357,First Wallet Recharge,
1356,First Wallet Recharge,
1355,Others,Recharged based on approval
1354,Others,Recharged Based On Approval
1353,First Wallet Recharge,
1352,Others,Recharged Based On Approval
1351,Others,Recharged based on approval
1350,First Wallet Recharge,
1349,First Wallet Recharge,
1348,First Wallet Recharge,
1347,First Wallet Recharge,
1346,Others,Recharged based on approval
1345,First Wallet Recharge,
1344,Others,Recharged based on approval
1343,First Wallet Recharge,
1342,First Wallet Recharge,
1341,First Wallet Recharge,
1340,First Wallet Recharge,
1339,First Wallet Recharge,
1338,Others,Recharged based on approval
1337,Others,Recharged based on approval
1336,First Wallet Recharge,
1335,Others,Recharged Based On Approval
1334,First Wallet Recharge,
1333,Others,Recharged based on approval
1332,First Wallet Recharge,
1331,Others,Recharged based on approval
1330,First Wallet Recharge,
1329,First Wallet Recharge,
1328,Others,Recharged based on approval
1327,Others,Recharged based on approval
1326,First Wallet Recharge,
1325,Others,Recharged Based On Approval
1324,Others,Recharged based on approval
1323,First Wallet Recharge,
1322,Others,Recharged based on approval
1321,First Wallet Recharge,
1320,First Wallet Recharge,
1319,First Wallet Recharge,
1318,Others,Recharged based on approval
1317,First Wallet Recharge,
1316,Others,Recharged based on approval
1315,First Wallet Recharge,
1314,First Wallet Recharge,
1313,Others,Recharged based on approval
1312,First Wallet Recharge,
1311,Others,Recharged based on approval
1310,First Wallet Recharge,
1309,First Wallet Recharge,
1308,Others,Recharged based on approval
1307,First Wallet Recharge,
1306,First Wallet Recharge,
1305,Others,Recharged based on approval
1304,First Wallet Recharge,
1303,Others,Recharged based on approval
1302,First Wallet Recharge,
1301,Others,Recharged based on approval
1300,First Wallet Recharge,
1299,Top-up by Developer,
1298,Others,Recharged based on approval
1297,First Wallet Recharge,
1296,First Wallet Recharge,
1295,Others,20K Transferred to NRI tower
1294,Others,Recharged based on approval
1293,First Wallet Recharge,
1292,First Wallet Recharge,
1291,Others,Recharged based on approval
1290,Others,Recharged based on approval
1289,Others,Recharged based on approval
1288,Others,Recharged based on approval
1287,First Wallet Recharge,
1286,Others,Recharged based on approval
1285,First Wallet Recharge,
1284,Others,1L transfer to Shaligram Sky
1283,Others,Recharged based on approval
1282,First Wallet Recharge,
1281,First Wallet Recharge,
1280,Others,Recharged based on approval
1279,First Wallet Recharge,
1278,Others,Recharged based on approval
1277,First Wallet Recharge,
1276,Others,Recharged based on approval
1275,First Wallet Recharge,
1274,Others,Recharged based on approval
1273,Others,Recharged based on approval
1272,First Wallet Recharge,
1271,First Wallet Recharge,
1270,Others,Recharged based on approval
1269,Others,Recharged based on approval
1268,First Wallet Recharge,
1267,First Wallet Recharge,
1266,Others,Recharged based on approval
1265,First Wallet Recharge,
1264,First Wallet Recharge,
1263,Others,Top up based on approval..
1262,First Wallet Recharge,
1261,Others,Recharged based on approval
1260,First Wallet Recharge,
1259,First Wallet Recharge,
1258,Others,Recharged based on approval
1257,First Wallet Recharge,
1256,First Wallet Recharge,
1255,First Wallet Recharge,
1254,Others,Recharged based on approval
1253,Others,Top up based on approval
1252,First Wallet Recharge,
1251,First Wallet Recharge,
1250,Others,Recharged based on approval
1249,First Wallet Recharge,
1248,Others,Recharged based on approval
1247,First Wallet Recharge,
1246,Others,Recharged based on approval
1245,Others,Recharged based on approval
1244,First Wallet Recharge,
1243,Others,Recharged based on approval
1242,First Wallet Recharge,
1241,First Wallet Recharge,
1240,Others,Recharged based on approval
1239,First Wallet Recharge,
1238,Others,Recharged based on approval
1237,First Wallet Recharge,
1236,First Wallet Recharge,
1235,First Wallet Recharge,
1234,Others,Recharged based on approval
1233,First Wallet Recharge,
1232,First Wallet Recharge,
1231,First Wallet Recharge,
1230,First Wallet Recharge,
1229,First Wallet Recharge,
1228,Others,Recharged based on approval
1227,First Wallet Recharge,
1226,Top-up by Developer,
1225,Others,Recharged based on approval
1224,Others,35.7 Transferred from Aditya Plaza
1223,Others,Recharged based on approval
1222,First Wallet Recharge,
1221,Others,Recharged based on approval
1220,Others,Recharged based on approval
1219,First Wallet Recharge,
1218,First Wallet Recharge,
1217,First Wallet Recharge,
1216,First Wallet Recharge,
1215,Others,Recharged based on approval
1214,Others,Recharged based on approval - Correction
1213,Others,Recharged based on approval
1212,First Wallet Recharge,
1211,Others,Recharged based on approval
1210,First Wallet Recharge,
1209,First Wallet Recharge,
1208,Others,Recharged based on approval
1207,First Wallet Recharge,
1206,First Wallet Recharge,
1205,Others,Recharged based on approval
1204,Others,Recharged based on approval
1203,First Wallet Recharge,
1202,Others,Recharged based on approval
1201,First Wallet Recharge,
1200,Others,Recharged based on approval
1199,First Wallet Recharge,
1198,Others,Recharged based on approval
1197,First Wallet Recharge,
1196,First Wallet Recharge,
1195,First Wallet Recharge,
1194,Others,Recharged based on approval
1193,First Wallet Recharge,
1192,Others,Recharged based on approval
1191,First Wallet Recharge,
1190,First Wallet Recharge,
1189,Others,Recharged based on approval
1188,Others,Recharged based on approval
1187,Others,36800 Transfer to Pink City
1186,First Wallet Recharge,
1185,Others,Recharged based on approval - Correction
1184,Others,Recharged Based On Approval
1183,First Wallet Recharge,
1182,Others,Recharged based on approval
1181,First Wallet Recharge,
1180,Others,Recharged based on approval
1179,First Wallet Recharge,
1178,First Wallet Recharge,
1177,Others,Recharged Based On Approval
1176,Others,Recharged based on approval
1175,Others,Recharged based on approval
1174,First Wallet Recharge,
1173,First Wallet Recharge,
1172,Others,Recharged based on approval
1171,First Wallet Recharge,
1170,First Wallet Recharge,
1169,First Wallet Recharge,
1168,Others,Recharged Based On Approval
1167,First Wallet Recharge,
1166,Others,Recharged based on approval
1165,First Wallet Recharge,
1164,First Wallet Recharge,
1163,Others,Recharged based on approval
1162,First Wallet Recharge,
1161,Others,Recharged based on approval
1160,First Wallet Recharge,
1159,Others,Recharged based on approval
1158,First Wallet Recharge,
1157,First Wallet Recharge,
1156,Others,Recharged based on approval
1155,First Wallet Recharge,
1154,First Wallet Recharge,
1153,First Wallet Recharge,
1152,Others,Recharged based on approval
1151,First Wallet Recharge,
1150,First Wallet Recharge,
1149,Others,Recharged based on approval
1148,Top-up by Developer,
1147,Others,Recharged based on approval
1146,First Wallet Recharge,
1145,First Wallet Recharge,
1144,First Wallet Recharge,
1143,Others,Recharged based on approval
1142,Others,Recharged based on approval
1141,First Wallet Recharge,
1140,Others,Recharged based on approval
1139,Others,Recharged based on approval
1138,First Wallet Recharge,
1137,Others,Recharged based on approval
1136,Others,Recharged based on approval
1135,First Wallet Recharge,
1134,Others,Recharged based on approval
1133,Others,Recharged based on approval
1132,First Wallet Recharge,
1131,First Wallet Recharge,
1130,First Wallet Recharge,
1129,First Wallet Recharge,
1128,Others,Recharged based on approval
1127,Others,Recharged based on approval
1126,First Wallet Recharge,
1125,First Wallet Recharge,
1124,First Wallet Recharge,
1123,Others,Recharged based on approval
1122,Others,recharged based on approval
1121,Others,Recharged based on approval - Correction
1120,First Wallet Recharge,
1119,Others,Recharged Based On Approval
1118,First Wallet Recharge,
1117,Others,Recharged based on approval
1116,Others,Recharged based on approval
1115,First Wallet Recharge,
1114,First Wallet Recharge,
1113,First Wallet Recharge,
1112,First Wallet Recharge,
1111,Others,Recharged based on approval
1110,Others,Recharged based on approval
1109,Others,Recharged based on approval
1108,First Wallet Recharge,
1107,Others,Recharged based on approval
1106,Others,Recharged based on approval
1105,Others,Recharged based on approval
1104,First Wallet Recharge,
1103,First Wallet Recharge,
1102,First Wallet Recharge,
1101,Top-up by Developer,
1100,First Wallet Recharge,
1099,Others,50K Transferred from Sudhanshu Aniraj tower
1098,First Wallet Recharge,
1097,First Wallet Recharge,
1096,Others,Recharged based on approval
1095,First Wallet Recharge,
1094,Others,Recharged based on approval
1093,First Wallet Recharge,
1092,First Wallet Recharge,
1091,First Wallet Recharge,
1090,Others,Outstanding
1089,Others,Recharged based on approval
1088,Others,50k transfer to om sai sadan
1087,First Wallet Recharge,
1086,Top-up by Developer,
1085,Others,Recharged based on approval
1084,First Wallet Recharge,
1083,First Wallet Recharge,
1082,First Wallet Recharge,
1081,First Wallet Recharge,
1080,Others,Recharged based on approval
1079,Others,Recharged Based On Approval
1078,First Wallet Recharge,
1077,First Wallet Recharge,
1076,Others,Recharged based on approval
1075,Others,Recharged based on approval
1074,Others,Recharged based on approval
1073,First Wallet Recharge,
1072,Others,Recharged based on approval
1071,Others,Recharged based on approval
1070,First Wallet Recharge,
1069,Others,Recharged based on approval
1068,Others,Recharged based on approval
1067,Top-up by Developer,
1066,First Wallet Recharge,
1065,First Wallet Recharge,
1064,Others,Recharged based on approval
1063,Others,Recharged based on approval
1062,First Wallet Recharge,
1061,Others,Recharged based on approval
1060,Others,Recharged based on approval
1059,First Wallet Recharge,
1058,Others,Recharged based on approval
1057,First Wallet Recharge,
1056,First Wallet Recharge,
1055,Others,83300 Transferred from address 51
1054,Others,Recharged based on approval
1053,First Wallet Recharge,
1052,First Wallet Recharge,
1051,Others,9700 Transfer to Ekta Parkville
1050,First Wallet Recharge,
1049,Others,Recharged based on approval
1048,First Wallet Recharge,
1047,First Wallet Recharge,
1046,First Wallet Recharge,
1045,First Wallet Recharge,
1044,Others,Recharged based on approval
1043,Others,Wallet 9700 transferred from Greenville
1042,First Wallet Recharge,
1041,First Wallet Recharge,
1040,First Wallet Recharge,
1039,First Wallet Recharge,
1038,First Wallet Recharge,
1037,Others,Recharged based on approval
1036,Others,Recharged based on approval
1035,Others,Recharged based on approval
1034,First Wallet Recharge,
1033,Top-up by Developer,
1032,Others,Recharged based on approval
1031,First Wallet Recharge,
1030,First Wallet Recharge,
1029,Others,Recharged based on approval
1028,First Wallet Recharge,
1027,Others,Recharged based on approval
1026,Others,Recharged based on approval
1025,Others,Recharged Based On Approval
1024,First Wallet Recharge,
1023,Others,Recharged based on approval
1022,First Wallet Recharge,
1021,Others,Recharged based on approval
1020,Others,Recharged based on approval
1019,First Wallet Recharge,
1018,Top-up by Developer,
1017,First Wallet Recharge,
1016,First Wallet Recharge,
1015,Others,Recharged based on approval
1014,First Wallet Recharge,
1013,Others,Recharged Based On Approval
1012,Others,Recharged based on approval
1011,First Wallet Recharge,
1010,First Wallet Recharge,
1009,Others,Recharged based on approval
1008,Others,Recharged Based On Approval
1007,First Wallet Recharge,
1006,First Wallet Recharge,
1005,Others,Reversal
1004,Others,Difference top up - Needs to be reverse
1003,Others,1L transferred from shaligram pavillian
1002,First Wallet Recharge,
1001,First Wallet Recharge,
1000,First Wallet Recharge,
999,Others,Recharged Based On Approval
998,First Wallet Recharge,
997,Others,Recharged based on approval
996,Others,Recharged based on approval
995,First Wallet Recharge,
994,First Wallet Recharge,
993,Others,Recharged based on approval
992,First Wallet Recharge,
991,Others,Recharged based on approval
990,First Wallet Recharge,
989,Others,Recharged Based On Approval
988,Others,Recharged based on approval
987,First Wallet Recharge,
986,Others,Recharged based on approval
985,Others,Recharged based on approval
984,First Wallet Recharge,
983,First Wallet Recharge,
982,Others,Recharged based on approval
981,Others,Recharged based on approval
980,First Wallet Recharge,
979,First Wallet Recharge,
978,Others,Recharged based on approval
977,Others,Recharged based on approval
976,Others,Recharged based on approval
975,First Wallet Recharge,
974,Others,Recharged based on approval
973,First Wallet Recharge,
972,First Wallet Recharge,
971,Others,Recharged Based On Approval
970,First Wallet Recharge,
969,First Wallet Recharge,
968,Others,Recharged based on approval
967,First Wallet Recharge,
966,Others,Recharged based on approval
965,First Wallet Recharge,
964,First Wallet Recharge,
963,Others,Recharged based on approval
962,First Wallet Recharge,
961,Others,Recharged based on approval
960,First Wallet Recharge,
959,First Wallet Recharge,
958,Others,Recharged Based On Approval
957,First Wallet Recharge,
956,First Wallet Recharge,
955,First Wallet Recharge,
954,Others,Rectified
953,Others,Recharged based on approval
952,Others,Recharged based on approval
951,First Wallet Recharge,
950,Others,25K Transfer to Mahaveer Ranches
949,Others,Recharged based on approval
948,First Wallet Recharge,
947,Others,Recharged based on approval
946,First Wallet Recharge,
945,Others,Recharged based on approval
944,First Wallet Recharge,
943,First Wallet Recharge,
942,Others,Recharged based on approval
941,First Wallet Recharge,
940,Others,Recharged based on approval
939,First Wallet Recharge,
938,Others,Recharged based on approval
937,First Wallet Recharge,
936,Others,Recharged based on approval
935,First Wallet Recharge,
934,Others,Recharged based on approval
933,First Wallet Recharge,
932,Others,Recharged based on approval
931,First Wallet Recharge,
930,Others,Recharged based on approval
929,First Wallet Recharge,
928,Others,Recharged based on approval
927,First Wallet Recharge,
926,First Wallet Recharge,
925,Others,Recharged based on approval
924,First Wallet Recharge,
923,First Wallet Recharge,
922,Others,Recharged based on approval
921,Others,Recharged based on approval
920,First Wallet Recharge,
919,Others,Recharged based on approval
918,Top-up by Developer,
917,Others,Recharged based on approval
916,First Wallet Recharge,
915,Others,Recharged based on approval
914,First Wallet Recharge,
913,Others,Recharged based on approval
912,First Wallet Recharge,
911,Others,Recharged based on approval
910,First Wallet Recharge,
909,First Wallet Recharge,
908,Others,Recharged based on approval
907,First Wallet Recharge,
906,Others,Recharged based on approval
905,Others,Recharged based on approval
904,First Wallet Recharge,
903,First Wallet Recharge,
902,Others,Recharged based on approval
901,First Wallet Recharge,
900,Others,Recharged based on approval
899,Others,Recharged based on approval
898,First Wallet Recharge,
897,Others,Recharged based on approval
896,Others,Recharged based on approval
895,First Wallet Recharge,
894,Others,"98,300 Transferred from Address 51"
893,First Wallet Recharge,
892,First Wallet Recharge,
891,Others,Recharged based on approval
890,First Wallet Recharge,
889,Others,Recharged based on approval
888,Others,20K Transferred from Conti tower
887,First Wallet Recharge,
886,Others,Recharged based on approval
885,First Wallet Recharge,
884,First Wallet Recharge,
883,Others,Recharged based on approval
882,Others,Recharged based on approval
881,Others,Top up based on approval..
880,Others,Recharged based on approval
879,First Wallet Recharge,
878,First Wallet Recharge,
877,Others,Recharged based on approval
876,Others,Top up based on approval
875,First Wallet Recharge,
874,First Wallet Recharge,
873,First Wallet Recharge,
872,Others,Recharged Based On Approval
871,Others,Recharged based on approval
870,First Wallet Recharge,
869,Others,Recharged based on approval
868,First Wallet Recharge,
867,Others,Recharged based on approval
866,First Wallet Recharge,
865,Top-up by Developer,
864,Others,Recharged Based On Approval
863,First Wallet Recharge,
862,Others,Recharged based on approval
861,First Wallet Recharge,
860,Others,Recharged Based On Approval
859,Others,Recharged based on approval
858,Others,Recharged based on approval
857,First Wallet Recharge,
856,Others,Recharged based on approval
855,First Wallet Recharge,
854,First Wallet Recharge,
853,Others,Recharged Based On Approval
852,First Wallet Recharge,
851,First Wallet Recharge,
850,First Wallet Recharge,
849,Others,Recharged based on approval
848,First Wallet Recharge,
847,First Wallet Recharge,
846,Others,3400 Transferred from address 51
845,Others,Recharged Based On Approval
844,Others,Recharged based on approval
843,First Wallet Recharge,
842,Others,Recharged based on approval
841,Others,Recharged based on approval
840,First Wallet Recharge,
839,Others,Recharged based on approval
838,First Wallet Recharge,
837,First Wallet Recharge,
836,Others,Recharged based on approval
835,Others,Recharged based on approval
834,Top-up by Developer,
833,First Wallet Recharge,
832,Top-up by Developer,
831,Top-up by Developer,
830,Others,Recharged based on approval
829,Others,Recharged based on approval - Correction
828,Others,Recharged based on approval
827,Others,Recharged based on approval
826,Others,Recharged Based On Approval
825,Top-up by Developer,
824,First Wallet Recharge,
823,Others,24400 transfer to Asset Arcadia
822,First Wallet Recharge,
821,Others,Recharged based on approval
820,Others,Recharged based on approval
819,First Wallet Recharge,
818,Others,Recharged based on approval
817,First Wallet Recharge,
816,First Wallet Recharge,
815,Others,Recharged based on approval
814,First Wallet Recharge,
813,Top-up by Developer,
812,Others,Transferred from Kohinoor Waves
811,Others,Recharged based on approval
810,Others,Recharged Based On Approval
809,Top-up by Developer,
808,First Wallet Recharge,
807,Others,Recharged based on approval
806,First Wallet Recharge,
805,Top-up by Developer,
804,Others,Recharged based on approval - Correction
803,Others,Recharged based on approval
802,Others,Recharged based on approval
801,First Wallet Recharge,
800,Others,Recharged based on approval
799,First Wallet Recharge,
798,Others,Recharged based on approval
797,First Wallet Recharge,
796,Others,Recharged based on approval
795,First Wallet Recharge,
794,Top-up by Developer,
793,Others,Recharged based on approval
792,Top-up by Developer,
791,First Wallet Recharge,
790,Others,Recharged based on approval
789,First Wallet Recharge,
788,Others,Recharged based on approval
787,First Wallet Recharge,
786,Others,Recharged based on approval
785,Others,Recharged based on approval
784,First Wallet Recharge,
783,Others,Recharged based on approval
782,First Wallet Recharge,
781,First Wallet Recharge,
780,Others,Recharged based on approval
779,Top-up by Developer,
778,Top-up by Developer,
777,First Wallet Recharge,
776,Top-up by Developer,
775,Others,Recharged based on approval
774,First Wallet Recharge,
773,Others,Recharged based on approval
772,Others,Recharged based on approval
771,Top-up by Developer,
770,First Wallet Recharge,
769,First Wallet Recharge,
768,Others,Recharged based on approval
767,First Wallet Recharge,
766,First Wallet Recharge,
765,First Wallet Recharge,
764,First Wallet Recharge,
763,Others,Recharged based on approval
762,Others,Recharged based on approval
761,First Wallet Recharge,
760,Others,Recharged based on approval
759,First Wallet Recharge,
758,Others,Recharged based on approval
757,Others,Recharged based on approval
756,Top-up by Developer,
755,First Wallet Recharge,
754,First Wallet Recharge,
753,First Wallet Recharge,
752,First Wallet Recharge,
751,First Wallet Recharge,
750,Others,Recharged based on approval
749,First Wallet Recharge,
748,First Wallet Recharge,
747,First Wallet Recharge,
746,First Wallet Recharge,
745,Others,Recharged based on approval
744,Top-up by Developer,
743,First Wallet Recharge,
742,Others,Recharged based on approval
741,First Wallet Recharge,
740,First Wallet Recharge,
739,Others,Recharged based on approval
738,Others,Recharged based on approval
737,First Wallet Recharge,
736,Others,Recharged based on approval
735,First Wallet Recharge,
734,First Wallet Recharge,
733,Others,Recharged based on approval
732,Top-up by Developer,
731,First Wallet Recharge,
730,First Wallet Recharge,
729,First Wallet Recharge,
728,Top-up by Developer,
727,Top-up by Developer,
726,Others,Recharged based on approval
725,Others,Recharged based on approval -Correction
724,Others,Recharged based on approval
723,Others,Recharged based on approval
722,Others,Recharged based on approval
721,First Wallet Recharge,
720,Others,Recharged based on approval
719,First Wallet Recharge,
718,Top-up by Developer,
717,Others,Rectified
716,Others,Recharged based on approval
715,Others,Recharged based on approval
714,First Wallet Recharge,
713,Others,Recharged based on approval
712,Others,Recharged based on approval
711,First Wallet Recharge,
710,Others,Recharged based on Yash Paleja approval
709,Others,Recharged based on approval
708,First Wallet Recharge,
707,Others,46400 Transferred from KR Heights
706,Others,Recharged based on approval
705,Others,Recharged Based On Approval
704,First Wallet Recharge,
703,First Wallet Recharge,
702,Others,Recharged Based On Approval
701,First Wallet Recharge,
700,Others,Recharged based on approval
699,Others,Top up based on approval..
698,First Wallet Recharge,
697,First Wallet Recharge,
696,First Wallet Recharge,
695,Others,Recharged based on approval
694,Others,Recharged based on approval - Correction
693,Others,Recharged based on approval
692,First Wallet Recharge,
691,First Wallet Recharge,
690,Others,Recharged based on approval
689,Others,Recharged based on approval
688,Others,Recharged based on approval
687,Top-up by Developer,
686,First Wallet Recharge,
685,Others,Recharged based on approval
684,Others,Recharged based on approval
683,First Wallet Recharge,
682,Others,Recharged based on approval
681,First Wallet Recharge,
680,Others,Recharged based on approval
679,First Wallet Recharge,
678,Top-up by Developer,
677,Others,Recharged based on approval
676,First Wallet Recharge,
675,Others,46400 Transfer to Sai Shrushti - Shakti Group
674,First Wallet Recharge,
673,Others,Recharged based on approval
672,First Wallet Recharge,
671,Others,Recharged based on approval
670,First Wallet Recharge,
669,Others,Top up based on approval..
668,Others,Recharged based on approval
667,First Wallet Recharge,
666,First Wallet Recharge,
665,Others,Recharged based on approval
664,First Wallet Recharge,
663,Others,Recharged based on approval
662,Others,Recharged based on approval - Correction
661,Others,Recharged Based On Approval
660,Others,2L transfer to Star Living
659,First Wallet Recharge,
658,First Wallet Recharge,
657,First Wallet Recharge,
656,Others,Recharged based on approval
655,Others,Recharged Based On Approval
654,First Wallet Recharge,
653,First Wallet Recharge,
652,Others,Recharged based on approval
651,Others,Recharged based on approval
650,First Wallet Recharge,
649,Others,Recharged based on approval
648,First Wallet Recharge,
647,First Wallet Recharge,
646,Others,Recharged based on approval
645,First Wallet Recharge,
644,Others,Recharged based on approval
643,First Wallet Recharge,
642,First Wallet Recharge,
641,Others,Transfer to NG Platinum
640,Others,Transfer to NG Dimond Hill
639,First Wallet Recharge,
638,Others,Recharged based on approval
637,First Wallet Recharge,
636,Others,Recharged based on approval
635,First Wallet Recharge,
634,First Wallet Recharge,
633,First Wallet Recharge,
632,Others,Recharged based on approval
631,Others,Recharged based on approval
630,First Wallet Recharge,
629,Others,Recharged Based On Approval
628,Others,Recharged based on approval
627,First Wallet Recharge,
626,Others,60K Transferred to Amber
625,Others,Recharged based on approval
624,Top-up by Developer,
623,Top-up by Developer,
622,Others,15K transfer to Hillshire instead of ganga amber
621,Others,15K transfer to Ganga Amber
620,First Wallet Recharge,
619,Others,Recharged based on approval
618,Others,Recharged Based On Approval
617,First Wallet Recharge,
616,First Wallet Recharge,
615,Others,Recharged based on approval
614,Others,Recharged based on approval
613,Top-up by Developer,
612,First Wallet Recharge,
611,Top-up by Developer,
610,First Wallet Recharge,
609,First Wallet Recharge,
608,Top-up by Developer,
607,First Wallet Recharge,
606,First Wallet Recharge,
605,Others,Recharged based on approval
604,Others,Recharged Based On Approval
603,Top-up by Developer,
602,First Wallet Recharge,
601,Others,Recharged based on approval
600,Others,Recharged based on approval
599,Others,Recharged based on approval
598,First Wallet Recharge,
597,First Wallet Recharge,
596,Others,Recharged based on approval
595,First Wallet Recharge,
594,First Wallet Recharge,
593,Others,Recharged based on approval
592,Others,Recharged based on approval
591,First Wallet Recharge,
590,First Wallet Recharge,
589,Others,Recharged based on approval
588,Others,Recharged based on approval
587,First Wallet Recharge,
586,First Wallet Recharge,
585,First Wallet Recharge,
584,Top-up by Developer,
583,Top-up by Developer,
582,First Wallet Recharge,
581,First Wallet Recharge,
580,First Wallet Recharge,
579,First Wallet Recharge,
578,First Wallet Recharge,
577,Others,Recharged based on approval
576,First Wallet Recharge,
575,First Wallet Recharge,
574,Others,Recharged based on approval
573,First Wallet Recharge,
572,First Wallet Recharge,
571,Others,Recharged based on approval
570,First Wallet Recharge,
569,Others,Recharged Based On Approval
568,Others,Recharged based on approval
567,First Wallet Recharge,
566,Top-up by Developer,
565,Others,Recharged based on approval
564,Top-up by Developer,
563,Top-up by Developer,
562,Top-up by Developer,
561,First Wallet Recharge,
560,Others,Recharged based on approval
559,First Wallet Recharge,
558,Others,Recharged based on approval
557,First Wallet Recharge,
556,Top-up by Developer,
555,Others,Recharged based on approval
554,First Wallet Recharge,
553,First Wallet Recharge,
552,Others,Recharged based on approval
551,Others,Transferred from Swaroop Avenue
550,Others,Recharged based on approval
549,First Wallet Recharge,
548,First Wallet Recharge,
547,Others,Recharged based on approval
546,First Wallet Recharge,
545,Others,Recharged based on approval
544,Others,Transferred from Swapnalok - 30000
543,First Wallet Recharge,
542,Others,Outstanding
541,Others,Recharged based on approval
540,First Wallet Recharge,
539,First Wallet Recharge,
538,First Wallet Recharge,
537,Others,Recharged based on approval
536,First Wallet Recharge,
535,Others,Top up based on approval..
534,Others,Recharged based on approval
533,First Wallet Recharge,
532,First Wallet Recharge,
531,First Wallet Recharge,
530,Top-up by Developer,
529,Others,Recharged based on approval
528,Others,Recharged based on approval
527,Others,Recharged based on approval
526,First Wallet Recharge,
525,First Wallet Recharge,
524,Others,Recharged based on approval
523,First Wallet Recharge,
522,First Wallet Recharge,
521,Others,Recharged based on approval
520,First Wallet Recharge,
519,Others,Recharged based on approval - Correction
518,Top-up by Developer,
517,Top-up by Developer,
516,Others,Recharged based on approval
515,Others,Transferred from Gurukrupa Vyom
514,Others,Recharged based on approval - Correction
513,Others,Recharged based on approval
512,First Wallet Recharge,
511,Top-up by Developer,
510,First Wallet Recharge,
509,First Wallet Recharge,
508,Others,Transfer to Gurukrupa Ghanshyam
507,First Wallet Recharge,
506,First Wallet Recharge,
505,Others,Recharged based on approval
504,First Wallet Recharge,
503,First Wallet Recharge,
502,First Wallet Recharge,
501,First Wallet Recharge,
500,Top-up by Developer,
499,Others,Recharged based on approval
498,Top-up by Developer,
497,First Wallet Recharge,
496,Others,Transferred from NG Eclat
495,Others,Recharged based on approval
494,Top-up by Developer,
493,Others,Recharged based on approval
492,First Wallet Recharge,
491,Others,Transferred from NG Eclat
490,Others,Recharged based on approval
489,Top-up by Developer,
488,Others,Recharged based on approval
487,First Wallet Recharge,
486,First Wallet Recharge,
485,First Wallet Recharge,
484,First Wallet Recharge,
483,Others,Outstanding
482,First Wallet Recharge,
481,First Wallet Recharge,
480,Others,Recharged based on approval - Correction
479,First Wallet Recharge,
478,Others,Recharged based on approval
477,First Wallet Recharge,
476,Others,Recharged based on approval
475,First Wallet Recharge,
474,Others,Recharged based on approval
473,Others,Recharged based on approval
472,First Wallet Recharge,
471,Others,Recharged Based On Approval
470,First Wallet Recharge,
469,Others,Recharged based on approval
468,Others,Recharged based on approval - Correction
467,First Wallet Recharge,
466,First Wallet Recharge,
465,Others,Recharged based on approval
464,First Wallet Recharge,
463,Top-up by Developer,
462,Others,Recharged based on approval
461,Others,Top up based on approval..
460,First Wallet Recharge,
459,First Wallet Recharge,
458,Others,Recharged based on approval
457,First Wallet Recharge,
456,First Wallet Recharge,
455,First Wallet Recharge,
454,Others,Top up based on approval..
453,Others,Recharged based on approval
452,First Wallet Recharge,
451,Others,Recharged based on approval
450,First Wallet Recharge,
449,First Wallet Recharge,
448,Others,Recharged based on approval
447,Others,Top Up Based on approval
446,First Wallet Recharge,
445,Others,Recharged based on approval
444,Others,Recharged based on approval
443,First Wallet Recharge,
442,First Wallet Recharge,
441,First Wallet Recharge,
440,First Wallet Recharge,
439,Others,Recharged based on approval
438,Others,Recharged Based On Approval
437,Top-up by Developer,
436,First Wallet Recharge,
435,Top-up by Developer,
434,First Wallet Recharge,
433,First Wallet Recharge,
432,First Wallet Recharge,
431,First Wallet Recharge,
430,First Wallet Recharge,
429,First Wallet Recharge,
428,Others,Recharged based on approval
427,First Wallet Recharge,
426,First Wallet Recharge,
425,First Wallet Recharge,
424,First Wallet Recharge,
423,Others,Recharged based on approval
422,First Wallet Recharge,
421,First Wallet Recharge,
420,Others,Recharged based on approval
419,First Wallet Recharge,
418,Others,Outstanding
417,First Wallet Recharge,
416,Others,Outstanding
415,First Wallet Recharge,
414,Others,Outstanding
413,First Wallet Recharge,
412,First Wallet Recharge,
411,First Wallet Recharge,
410,Top-up by Developer,
409,Others,Recharged based on approval
408,First Wallet Recharge,
407,First Wallet Recharge,
406,First Wallet Recharge,
405,First Wallet Recharge,
404,Others,Recharged based on approval
403,First Wallet Recharge,
402,Top-up by Developer,
401,Others,Recharged based on approval
400,Others,Recharged Based On Approval
399,First Wallet Recharge,
398,Others,Recharged based on approval
397,First Wallet Recharge,
396,First Wallet Recharge,
395,First Wallet Recharge,
394,First Wallet Recharge,
393,First Wallet Recharge,
392,Others,Recharged based on approval
391,First Wallet Recharge,
390,Others,Recharged based on approval
389,First Wallet Recharge,
388,First Wallet Recharge,
387,Top-up by Developer,
386,First Wallet Recharge,
385,First Wallet Recharge,
384,First Wallet Recharge,
383,Others,Transfer to Codename Sara Virar
382,Others,Recharged based on approval
381,Others,Transfer to Sara Virar
380,Others,Recharged based on approval
379,Others,Recharged based on approval
378,Top-up by Developer,
377,First Wallet Recharge,
376,First Wallet Recharge,
375,Others,Recharged based on approval
374,First Wallet Recharge,
373,Others,Recharged based on approval
372,First Wallet Recharge,
371,First Wallet Recharge,
370,Others,Recharged based on approval
369,First Wallet Recharge,
368,First Wallet Recharge,
367,First Wallet Recharge,
366,First Wallet Recharge,
365,First Wallet Recharge,
364,First Wallet Recharge,
363,First Wallet Recharge,
362,Others,Recharged based on approval
361,First Wallet Recharge,
360,First Wallet Recharge,
359,Others,Recharged based on approval
358,Others,Recharged based on approval
357,First Wallet Recharge,
356,Top-up by Developer,
355,First Wallet Recharge,
354,First Wallet Recharge,
353,First Wallet Recharge,
352,First Wallet Recharge,
351,First Wallet Recharge,
350,First Wallet Recharge,
349,First Wallet Recharge,
348,First Wallet Recharge,
347,Others,Recharged based on approval
346,Top-up by Developer,
345,First Wallet Recharge,
344,First Wallet Recharge,
343,Others,Recharged based on approval
342,Others,Recharged based on approval
341,First Wallet Recharge,
340,First Wallet Recharge,
339,Others,Recharged based on approval
338,First Wallet Recharge,
337,First Wallet Recharge,
336,Others,Recharged based on approval
335,First Wallet Recharge,
334,First Wallet Recharge,
333,Others,Recharged based on approval
332,Others,Recharged based on approval
331,First Wallet Recharge,
330,First Wallet Recharge,
329,Top-up by Developer,
328,First Wallet Recharge,
327,Others,Recharged based on approval
326,First Wallet Recharge,
325,First Wallet Recharge,
324,First Wallet Recharge,
323,Others,Recharged Based On Approval
322,Top-up by Developer,
321,First Wallet Recharge,
320,First Wallet Recharge,
319,Top-up by Developer,
318,First Wallet Recharge,
317,Top-up by Developer,
316,First Wallet Recharge,
315,Top-up by Developer,
314,First Wallet Recharge,
313,First Wallet Recharge,
312,Top-up by Developer,
311,First Wallet Recharge,
310,First Wallet Recharge,
309,Others,Transfer to Kohinoor Eden
308,First Wallet Recharge,
307,Others,Recharged based on approval
306,First Wallet Recharge,
305,First Wallet Recharge,
304,Top-up by Developer,
303,First Wallet Recharge,
302,First Wallet Recharge,
301,Others,Recharged based on approval
300,Top-up by Developer,
299,First Wallet Recharge,
298,First Wallet Recharge,
297,First Wallet Recharge,
296,Others,Recharged based on approval
295,Others,Recharged based on approval
294,First Wallet Recharge,
293,Top-up by Developer,
292,First Wallet Recharge,
291,First Wallet Recharge,
290,First Wallet Recharge,
289,First Wallet Recharge,
288,Others,Recharged based on approval
287,First Wallet Recharge,
286,Others,Recharged based on approval
285,Others,Recharged based on approval
284,Top-up by Developer,
283,First Wallet Recharge,
282,First Wallet Recharge,
281,First Wallet Recharge,
280,First Wallet Recharge,
279,Top-up by Developer,
278,Others,Recharged based on approval
277,Others,Recharged based on approval
276,Others,1L Transfer to Mahalaxmi
275,First Wallet Recharge,
274,Others,Recharged based on approval
273,Others,Recharged based on approval
272,Others,Recharged based on approval - Correction
271,Others,Recharged based on approval -Correction
270,Others,Recharged based on approval
269,First Wallet Recharge,
268,First Wallet Recharge,
267,First Wallet Recharge,
266,First Wallet Recharge,
265,First Wallet Recharge,
264,Others,Recharged based on approval
263,First Wallet Recharge,
262,First Wallet Recharge,
261,First Wallet Recharge,
260,First Wallet Recharge,
259,First Wallet Recharge,
258,First Wallet Recharge,
257,Others,Recharged based on approval
256,First Wallet Recharge,
255,Others,Recharged based on approval
254,Others,50K Transferred from The view - Mayfair
253,Others,Recharged based on approval
252,Top-up by Developer,
251,Others,Transferred from The view - Powai
250,First Wallet Recharge,
249,First Wallet Recharge,
248,Top-up by Developer,
247,Others,Recharged based on approval
246,Others,Recharged Based On Approval
245,First Wallet Recharge,
244,First Wallet Recharge,
243,First Wallet Recharge,
242,First Wallet Recharge,
241,First Wallet Recharge,
240,First Wallet Recharge,
239,Others,86800 transfer to Kohinoor Coral
238,First Wallet Recharge,
237,Others,Recharged based on approval
236,Others,Recharged based on approval
235,Others,Recharged based on approval
234,First Wallet Recharge,
233,First Wallet Recharge,
232,Others,Recharged based on approval
231,First Wallet Recharge,
230,Others,Recharged based on approval
229,Others,Recharged based on approval
228,First Wallet Recharge,
227,First Wallet Recharge,
226,First Wallet Recharge,
225,Others,Recharged Based On Approval
224,Others,Recharged based on approval
223,First Wallet Recharge,
222,Top-up by Developer,
221,First Wallet Recharge,
220,First Wallet Recharge,
219,First Wallet Recharge,
218,Others,Recharged based on approval
217,First Wallet Recharge,
216,First Wallet Recharge,
215,Others,Recharged Based On Approval
214,Others,Recharged based on approval
213,Others,Recharged based on approval
212,Others,70K Transfer to Hubtown Seasons
211,First Wallet Recharge,
210,First Wallet Recharge,
209,Others,Recharged based on approval
208,First Wallet Recharge,
207,Others,Recharged based on approval
206,Others,Recharged based on approval
205,Others,Wallet Recharged 70K from Hubtown Harmony
204,First Wallet Recharge,
203,Others,Top up based on approval..
202,Others,Recharged based on approval
201,First Wallet Recharge,
200,Top-up by Developer,
199,Others,Recharged based on approval
198,Others,Recharged based on approval
197,First Wallet Recharge,
196,Top-up by Developer,
195,Others,Recharged based on approval -Correction
194,Others,Recharged based on approval
193,First Wallet Recharge,
192,Top-up by Developer,
191,Top-up by Developer,
190,First Wallet Recharge,
189,Others,Recharged based on approval
188,Others,Recharged based on approval
187,Others,Top up based on approval..
186,First Wallet Recharge,
185,First Wallet Recharge,
184,Others,Recharged based on approval
183,First Wallet Recharge,
182,Top-up by Developer,
181,Others,Recharged based on approval
180,First Wallet Recharge,
179,First Wallet Recharge,
178,First Wallet Recharge,
177,First Wallet Recharge,
176,First Wallet Recharge,
175,First Wallet Recharge,
174,First Wallet Recharge,
173,First Wallet Recharge,
172,Others,Recharged based on approval
171,First Wallet Recharge,
170,Top-up by Developer,
169,First Wallet Recharge,
168,First Wallet Recharge,
167,Others,Recharged Based On Approval
166,Others,Recharged based on approval
165,First Wallet Recharge,
164,First Wallet Recharge,
163,First Wallet Recharge,
162,First Wallet Recharge,
161,Others,Recharged based on approval
160,Others,Recharged based on approval
159,First Wallet Recharge,
158,Top-up by Developer,
157,First Wallet Recharge,
156,First Wallet Recharge,
155,Others,Recharged based on approval
154,Top-up by Developer,
153,First Wallet Recharge,
152,Top-up by Developer,
151,First Wallet Recharge,
150,Others,Recharged based on approval
149,Top-up by Developer,
148,Others,Recharged based on approval
147,First Wallet Recharge,
146,First Wallet Recharge,
145,First Wallet Recharge,
144,First Wallet Recharge,
143,First Wallet Recharge,
142,First Wallet Recharge,
141,Top-up by Developer,
140,Top-up by Developer,
139,First Wallet Recharge,
138,Others,Recharged based on approval
137,First Wallet Recharge,
136,First Wallet Recharge,
135,Top-up by Developer,
134,First Wallet Recharge,
133,First Wallet Recharge,
132,First Wallet Recharge,
131,Others,Recharged based on approval
130,First Wallet Recharge,
129,Others,Recharged based on approval
128,Others,Recharged based on approval
127,First Wallet Recharge,
126,First Wallet Recharge,
125,First Wallet Recharge,
124,First Wallet Recharge,
123,First Wallet Recharge,
122,First Wallet Recharge,
121,Others,Recharged based on approval
120,Others,Recharged based on approval
119,First Wallet Recharge,
118,Others,Recharged Based On Approval
117,Others,Recharged based on approval
116,First Wallet Recharge,
115,Others,Recharged based on approval
114,First Wallet Recharge,
113,First Wallet Recharge,
112,Others,Recharged based on approval
111,Top-up by Developer,
110,First Wallet Recharge,
109,First Wallet Recharge,
108,Top-up by Developer,
107,Others,Recharged based on approval
106,Others,Recharged based on approval
105,First Wallet Recharge,
104,First Wallet Recharge,
103,Top-up by Developer,
102,First Wallet Recharge,
101,First Wallet Recharge,
100,First Wallet Recharge,
99,Top-up by Developer,
98,First Wallet Recharge,
97,Top-up by Developer,
96,Others,Transferred to Paramount Kalpataru
95,First Wallet Recharge,
94,Top-up by Developer,
93,First Wallet Recharge,
92,First Wallet Recharge,
91,Top-up by Developer,
90,First Wallet Recharge,
89,Others,Recharged based on approval
88,First Wallet Recharge,
87,Top-up by Developer,
86,Top-up by Developer,
85,Top-up by Developer,
84,First Wallet Recharge,
83,Top-up by Developer,
82,First Wallet Recharge,
81,First Wallet Recharge,
80,Others,Recharged based on approval
79,Others,Recharged based on approval
78,First Wallet Recharge,
77,Others,Recharged Based On Approval
76,Others,Recharged based on approval
75,First Wallet Recharge,
74,First Wallet Recharge,
73,Others,Recharged based on approval
72,First Wallet Recharge,
71,First Wallet Recharge,
70,Others,Recharged based on approval
69,Others,Recharged based on approval
68,First Wallet Recharge,
67,First Wallet Recharge,
66,Others,Recharge based on approval -Correction
65,Others,Recharged based on approval
64,Others,Recharged based on approval
63,First Wallet Recharge,
62,First Wallet Recharge,
61,Others,1L Transferred from westwood
60,Others,Recharged based on approval
59,First Wallet Recharge,
58,Others,Recharged based on approval
57,First Wallet Recharge,
56,Others,Recharged based on approval
55,Others,Recharged based on approval - Correction
54,First Wallet Recharge,
53,First Wallet Recharge,
52,First Wallet Recharge,
51,Top-up by Developer,
50,Top-up by Developer,
49,Others,Recharged based on approval
48,Top-up by Developer,
47,First Wallet Recharge,
46,Top-up by Developer,
45,Others,Recharged based on approval
44,Others,Recharged Based On Approval
43,First Wallet Recharge,
42,First Wallet Recharge,
41,First Wallet Recharge,
40,Top-up by Developer,
39,First Wallet Recharge,
38,Top-up by Developer,
37,Others,1L Transferred from Imperia Kalpataru
36,First Wallet Recharge,
35,First Wallet Recharge,
34,First Wallet Recharge,
33,First Wallet Recharge,
32,First Wallet Recharge,
31,First Wallet Recharge,
30,Others,Recharged based on approval
29,First Wallet Recharge,
28,First Wallet Recharge,
27,First Wallet Recharge,
26,First Wallet Recharge,
25,First Wallet Recharge,
24,First Wallet Recharge,
23,Others,Recharged based on approval
22,First Wallet Recharge,
21,First Wallet Recharge,
20,Others,Recharged based on approval
19,Others,Recharged based on approval
18,Others,Recharged based on approval
17,First Wallet Recharge,
16,First Wallet Recharge,
15,Others,Recharged based on approval
14,Others,Recharged based on approval
13,Others,Recharged based on approval
12,Top-up by Developer,
11,First Wallet Recharge,
10,First Wallet Recharge,
9,Others,Recharged based on approval
8,Others,Recharged based on approval
7,First Wallet Recharge,
6,First Wallet Recharge,
5,Others,Recharged based on approval
4,First Wallet Recharge,
3,First Wallet Recharge,
2,Others,Recharged Based On Approval
1,First Wallet Recharge,